aceUri,aceLabel,allegiance,nbAwards,birthYear,hasAward
http://www.wikidata.org/entity/Q6225085,John Capper,United Kingdom of Great Britain and Ireland,2,1861,Oui
http://www.wikidata.org/entity/Q3724015,Emanuele Vittorio Parodi,Kingdom of Italy,0,1862,Non
http://www.wikidata.org/entity/Q57569,Prince Henry of Prussia,Germany,11,1862,Oui
http://www.wikidata.org/entity/Q193236,Gabriele D'Annunzio,Kingdom of Italy,7,1863,Oui
http://www.wikidata.org/entity/Q1337203,Emile Reymond,France,2,1865,Oui
http://www.wikidata.org/entity/Q5132863,Clifford B. Harmon,United States,1,1866,Oui
http://www.wikidata.org/entity/Q2151021,Richard Kehler,German Reich,0,1866,Non
http://www.wikidata.org/entity/Q84872,Milan Emil Uzelac,Kingdom of Hungary,1,1867,Oui
http://www.wikidata.org/entity/Q2444475,"Sir Alfred Rawlinson, 3rd Baronet",United Kingdom,3,1867,Oui
http://www.wikidata.org/entity/Q18639901,Walter Windham,United Kingdom of Great Britain and Ireland,1,1868,Oui
http://www.wikidata.org/entity/Q588510,Jacques Balsan,France,6,1868,Oui
http://www.wikidata.org/entity/Q364463,Giulio Douhet,Kingdom of Italy,0,1869,Non
http://www.wikidata.org/entity/Q22920866,Louis Robert Lebaudy,France,2,1869,Oui
http://www.wikidata.org/entity/Q3830075,Lelio Gaviglio,Kingdom of Italy,0,1870,Non
http://www.wikidata.org/entity/Q72574538,Félix Léon Marie,France,0,1870,Non
http://www.wikidata.org/entity/Q3131067,Henri Farré,France,2,1871,Oui
http://www.wikidata.org/entity/Q16802000,Joseph-Édouard Barès,France,0,1872,Non
http://www.wikidata.org/entity/Q336065,"Hugh Trenchard, 1st Viscount Trenchard",United Kingdom,15,1873,Oui
http://www.wikidata.org/entity/Q57548441,Marcel Sido,France,0,1874,Non
http://www.wikidata.org/entity/Q3766089,Giovan Battista Pastine,Kingdom of Italy,1,1874,Oui
http://www.wikidata.org/entity/Q183172,Charles-Louis Van Den Born,France,1,1874,Oui
http://www.wikidata.org/entity/Q21791427,Victor Bacon,France,0,1874,Non
http://www.wikidata.org/entity/Q698808,Stephan Petróczy von Petrócz,Hungary,0,1874,Non
http://www.wikidata.org/entity/Q3372034,Paul Pouderoux,France,0,1874,Non
http://www.wikidata.org/entity/Q11925415,Henry Michaud,France,1,1875,Oui
http://www.wikidata.org/entity/Q469752,Marie Marvingt,France,5,1875,Oui
http://www.wikidata.org/entity/Q7154178,Paul Ward Beck,United States,0,1876,Non
http://www.wikidata.org/entity/Q5481885,Francis McClean,United Kingdom of Great Britain and Ireland,2,1876,Oui
http://www.wikidata.org/entity/Q8006685,William Henry Chandler,United States,0,1876,Non
http://www.wikidata.org/entity/Q2960726,Charles des Isnards,France,2,1876,Oui
http://www.wikidata.org/entity/Q7346992,Robert Loraine,United Kingdom of Great Britain and Ireland,2,1876,Oui
http://www.wikidata.org/entity/Q2960339,Charles de Tricornot de Rose,France,2,1876,Oui
http://www.wikidata.org/entity/Q2376660,Henri Rougier,France,1,1876,Oui
http://www.wikidata.org/entity/Q15971690,Louis de Goÿs de Mézeyrac,France,1,1876,Oui
http://www.wikidata.org/entity/Q20829280,Léon Bathiat,France,6,1877,Oui
http://www.wikidata.org/entity/Q317356,Léon Flameng,France,3,1877,Oui
http://www.wikidata.org/entity/Q3439462,Roger Sommer,France,1,1877,Oui
http://www.wikidata.org/entity/Q3769683,Giulio Laureati,Kingdom of Italy,1,1877,Oui
http://www.wikidata.org/entity/Q18202602,Julien Mamet,France,0,1877,Non
http://www.wikidata.org/entity/Q7087865,Oliver Swann,United Kingdom of Great Britain and Ireland,2,1878,Oui
http://www.wikidata.org/entity/Q2899656,Bertrand Pujo,France,1,1878,Oui
http://www.wikidata.org/entity/Q3357518,Oswald Watt,France,2,1878,Oui
http://www.wikidata.org/entity/Q5084012,Charles deForest Chandler,United States,0,1878,Non
http://www.wikidata.org/entity/Q20472429,Fesa Evrensev,Ottoman Empire,0,1878,Non
http://www.wikidata.org/entity/Q4757076,Andrew George Board,United Kingdom of Great Britain and Ireland,2,1878,Oui
http://www.wikidata.org/entity/Q95332,Erwin Böhme,German Empire,1,1879,Oui
http://www.wikidata.org/entity/Q23765810,Alexandre Sallès,France,0,1879,Non
http://www.wikidata.org/entity/Q64534,Friedrich Christiansen,Germany,12,1879,Oui
http://www.wikidata.org/entity/Q246473,José Luis Sánchez Besa,Chile,3,1879,Oui
http://www.wikidata.org/entity/Q111580,Wilhelm Schubert,Germany,3,1879,Oui
http://www.wikidata.org/entity/Q62566647,Maurice Challe,France,0,1879,Non
http://www.wikidata.org/entity/Q24703475,Paul Armengaud,France,9,1879,Oui
http://www.wikidata.org/entity/Q63247748,Pierre Daucourt,France,3,1879,Oui
http://www.wikidata.org/entity/Q863201,Billy Mitchell,United States,2,1879,Oui
http://www.wikidata.org/entity/Q6555573,Lionel Charlton,United Kingdom of Great Britain and Ireland,3,1879,Oui
http://www.wikidata.org/entity/Q349049,Pier Ruggero Piccio,Kingdom of Italy,11,1880,Oui
http://www.wikidata.org/entity/Q719663,Louis Charles Breguet,France,4,1880,Oui
http://www.wikidata.org/entity/Q3300587,Maurice Colliex,France,4,1880,Oui
http://www.wikidata.org/entity/Q319962,Milan Rastislav Štefánik,France,6,1880,Oui
http://www.wikidata.org/entity/Q7347386,Robert Marsland Groves,United Kingdom of Great Britain and Ireland,3,1880,Oui
http://www.wikidata.org/entity/Q4002856,Ugo Niutta,Kingdom of Italy,1,1880,Oui
http://www.wikidata.org/entity/Q987706,Eduard Pulpe,Russian Empire,1,1880,Oui
http://www.wikidata.org/entity/Q30246785,Henry de l'Escaille,France,1,1880,Oui
http://www.wikidata.org/entity/Q2638545,Albert Étévé,France,1,1880,Oui
http://www.wikidata.org/entity/Q5497398,Frederick Bowhill,United Kingdom of Great Britain and Ireland,8,1880,Oui
http://www.wikidata.org/entity/Q3557262,Victor Denain,France,8,1880,Oui
http://www.wikidata.org/entity/Q2622257,Alessandro Guidoni,Italy,1,1880,Oui
http://www.wikidata.org/entity/Q1347241,François Coli,France,2,1881,Oui
http://www.wikidata.org/entity/Q687373,Guido Nardini,Kingdom of Italy,1,1881,Oui
http://www.wikidata.org/entity/Q3188966,Jules Védrines,France,3,1881,Oui
http://www.wikidata.org/entity/Q4177390,Mikhail Efimov,Russian Empire,5,1881,Oui
http://www.wikidata.org/entity/Q6255366,John Rodgers,United States,1,1881,Oui
http://www.wikidata.org/entity/Q96678357,René de Malherbe,France,9,1881,Oui
http://www.wikidata.org/entity/Q22344319,Joseph Davrichachvili,France,4,1881,Oui
http://www.wikidata.org/entity/Q4722184,Alfred Austell Cunningham,United States,2,1881,Oui
http://www.wikidata.org/entity/Q2701468,Prince Antônio Gastão of Brazil,Brazil,9,1881,Oui
http://www.wikidata.org/entity/Q65044753,René Demanest,France,2,1881,Oui
http://www.wikidata.org/entity/Q47471543,Henri Priol,France,0,1881,Non
http://www.wikidata.org/entity/Q7344946,Robert Gregory,France,1,1881,Oui
http://www.wikidata.org/entity/Q7047162,Noel Pemberton Billing,United Kingdom of Great Britain and Ireland,0,1881,Non
http://www.wikidata.org/entity/Q263128,"Hugh Dowding, 1st Baron Dowding",United Kingdom,3,1882,Oui
http://www.wikidata.org/entity/Q5259849,Denys Corbett Wilson,United Kingdom of Great Britain and Ireland,0,1882,Non
http://www.wikidata.org/entity/Q11564994,Kiyotake Shigeno,Japan,1,1882,Oui
http://www.wikidata.org/entity/Q2852482,Anselme Marchal,France,1,1882,Oui
http://www.wikidata.org/entity/Q3385164,Pierre Gaudermen,France,1,1882,Oui
http://www.wikidata.org/entity/Q47028502,Maurice Happe,France,0,1882,Non
http://www.wikidata.org/entity/Q654779,Geoffrey de Havilland,United Kingdom of Great Britain and Ireland,10,1882,Oui
http://www.wikidata.org/entity/Q3556915,Vicente Almandos Almonacid,Argentina,1,1882,Oui
http://www.wikidata.org/entity/Q4714234,Alec Ogilvie,United Kingdom of Great Britain and Ireland,1,1882,Oui
http://www.wikidata.org/entity/Q778363,Giuseppe Miraglia,Kingdom of Italy,1,1883,Oui
http://www.wikidata.org/entity/Q16575450,Manlio Molfese,Kingdom of Italy,3,1883,Oui
http://www.wikidata.org/entity/Q3121162,Gustave Delage,France,1,1883,Oui
http://www.wikidata.org/entity/Q5056080,Cecil Francis Kilner,United Kingdom of Great Britain and Ireland,1,1883,Oui
http://www.wikidata.org/entity/Q16059343,Maurice Guillaux,France,0,1883,Non
http://www.wikidata.org/entity/Q114571823,Jean Lefebvre,France,1,1883,Oui
http://www.wikidata.org/entity/Q7053328,Norris Stephen Falla,New Zealand,2,1883,Oui
http://www.wikidata.org/entity/Q3160301,Jacques de Lesseps,France,3,1883,Oui
http://www.wikidata.org/entity/Q527442,Jan Olieslagers,Belgium,3,1883,Oui
http://www.wikidata.org/entity/Q2758259,Joseph Vuillemin,France,11,1883,Oui
http://www.wikidata.org/entity/Q3298883,Mathieu Tenant de la Tour,France,2,1883,Oui
http://www.wikidata.org/entity/Q715184,Louis Paulhan,France,3,1883,Oui
http://www.wikidata.org/entity/Q4722359,Alfred Brandon,New Zealand,1,1883,Oui
http://www.wikidata.org/entity/Q5082223,Charles Rumney Samson,United Kingdom of Great Britain and Ireland,3,1883,Oui
http://www.wikidata.org/entity/Q2827697,Ahmet Ali Çelikten,Ottoman Empire,0,1883,Non
http://www.wikidata.org/entity/Q18668542,Bartolomeo Cattaneo,Kingdom of Italy,1,1883,Oui
http://www.wikidata.org/entity/Q24846550,Philippe Féquant,France,1,1883,Oui
http://www.wikidata.org/entity/Q63242831,Emmanuel Helen,France,0,1883,Non
http://www.wikidata.org/entity/Q916842,Fulco Ruffo di Calabria,Kingdom of Italy,1,1884,Oui
http://www.wikidata.org/entity/Q47843772,Félix Camerman,France,1,1884,Oui
http://www.wikidata.org/entity/Q56598693,Charles Ponche,France,0,1884,Non
http://www.wikidata.org/entity/Q2848329,André Morel,France,0,1884,Non
http://www.wikidata.org/entity/Q942567,Amédée Thubé,France,3,1884,Oui
http://www.wikidata.org/entity/Q20017426,Jacques Moureaux,France,1,1884,Oui
http://www.wikidata.org/entity/Q3181166,John Cyril Porte,Ireland,2,1884,Oui
http://www.wikidata.org/entity/Q3751590,Franco Scarioni,Kingdom of Italy,1,1884,Oui
http://www.wikidata.org/entity/Q4890377,Bentfield Hucks,United Kingdom of Great Britain and Ireland,0,1884,Non
http://www.wikidata.org/entity/Q5726931,Henry Petre,United Kingdom of Great Britain and Ireland,2,1884,Oui
http://www.wikidata.org/entity/Q268220,Orazio Pierozzi,Kingdom of Italy,2,1884,Oui
http://www.wikidata.org/entity/Q336729,"John Moore-Brabazon, 1st Baron Brabazon of Tara",United Kingdom of Great Britain and Ireland,3,1884,Oui
http://www.wikidata.org/entity/Q2475854,Georges Boillot,France,3,1884,Oui
http://www.wikidata.org/entity/Q1636089,Frank Maxwell Andrews,United States,8,1884,Oui
http://www.wikidata.org/entity/Q21634563,Marcel Paillette,France,4,1884,Oui
http://www.wikidata.org/entity/Q7348955,Robert Pollok,United Kingdom of Great Britain and Ireland,3,1884,Oui
http://www.wikidata.org/entity/Q7789480,Thomas F. Williams,Canada,2,1885,Oui
http://www.wikidata.org/entity/Q536534,Theodore Gordon Ellyson,United States,2,1885,Oui
http://www.wikidata.org/entity/Q5901990,Horace Meek Hickam,United States,1,1885,Oui
http://www.wikidata.org/entity/Q109915,Ludwig Bockholt,German Empire,0,1885,Non
http://www.wikidata.org/entity/Q16067205,René Simon,France,0,1885,Non
http://www.wikidata.org/entity/Q3558431,Michael Moutoussis,Greece,0,1885,Non
http://www.wikidata.org/entity/Q4798000,Arthur Bigsworth,United Kingdom of Great Britain and Ireland,3,1885,Oui
http://www.wikidata.org/entity/Q48804507,Antonio Bosio,Kingdom of Italy,1,1885,Oui
http://www.wikidata.org/entity/Q3138766,Hjalmar Fredrik Gjertsen,Norway,0,1885,Non
http://www.wikidata.org/entity/Q17421396,William Ewart Hart,Australia,0,1885,Non
http://www.wikidata.org/entity/Q5538295,George Cyril Colmore,United Kingdom of Great Britain and Ireland,0,1885,Non
http://www.wikidata.org/entity/Q57134,Albert Kesselring,German Empire,4,1885,Oui
http://www.wikidata.org/entity/Q99521209,Elmo Neale Pickerill,United States,0,1885,Non
http://www.wikidata.org/entity/Q4895098,Bert Hall,United States,0,1885,Non
http://www.wikidata.org/entity/Q2078727,Vyacheslav Tkachov,Russian Empire,11,1885,Oui
http://www.wikidata.org/entity/Q22680164,Gerald Loxley,United Kingdom of Great Britain and Ireland,3,1885,Oui
http://www.wikidata.org/entity/Q3288829,Marcel Courmes,France,0,1885,Non
http://www.wikidata.org/entity/Q4799556,Arthur Longmore,United Kingdom of Great Britain and Ireland,5,1885,Oui
http://www.wikidata.org/entity/Q3159791,Jacques Poitou-Duplessy,France,1,1885,Oui
http://www.wikidata.org/entity/Q58651,Hugo Sperrle,Germany,3,1885,Oui
http://www.wikidata.org/entity/Q102502,Horst Julius Freiherr Treusch von Buttlar-Brandenfels,Germany,1,1885,Oui
http://www.wikidata.org/entity/Q3088654,Raoul Lufbery,United States,3,1885,Oui
http://www.wikidata.org/entity/Q48760732,Jean Houdemon,France,2,1885,Oui
http://www.wikidata.org/entity/Q12789200,Franc Zupančič,Austria–Hungary,0,1886,Non
http://www.wikidata.org/entity/Q5346672,Edwin Moon,United Kingdom of Great Britain and Ireland,1,1886,Oui
http://www.wikidata.org/entity/Q56226137,Albert Féquant,France,1,1886,Oui
http://www.wikidata.org/entity/Q3177420,Jerome Clarke Hunsaker,United States,6,1886,Oui
http://www.wikidata.org/entity/Q7349868,Robert Smith-Barry,United Kingdom of Great Britain and Ireland,1,1886,Oui
http://www.wikidata.org/entity/Q972523,Marcello Arlotta,Kingdom of Italy,1,1886,Oui
http://www.wikidata.org/entity/Q14512155,Richard Bell-Davies,United Kingdom of Great Britain and Ireland,4,1886,Oui
http://www.wikidata.org/entity/Q130519,François d'Astier de La Vigerie,France,5,1886,Oui
http://www.wikidata.org/entity/Q50349129,Pierre Prier,France,1,1886,Oui
http://www.wikidata.org/entity/Q376719,Otto Jindra,Austria–Hungary,0,1886,Non
http://www.wikidata.org/entity/Q87860,Ernst A. Lehmann,German Reich,0,1886,Non
http://www.wikidata.org/entity/Q5386680,Eric Harrison,Australia,0,1886,Non
http://www.wikidata.org/entity/Q69792,Gunther Plüschow,Germany,8,1886,Oui
http://www.wikidata.org/entity/Q436102,Henry H. Arnold,United States,31,1886,Oui
http://www.wikidata.org/entity/Q712025,Arthur Whitten Brown,United Kingdom,1,1886,Oui
http://www.wikidata.org/entity/Q5982989,Luis Camilo Ramírez Rivas-Dávila,Venezuela,1,1886,Oui
http://www.wikidata.org/entity/Q3424991,Count Renaud de la Frégeolière,France,1,1886,Oui
http://www.wikidata.org/entity/Q55177168,Preslav Lyapchev,Bulgaria,0,1886,Non
http://www.wikidata.org/entity/Q2742862,Didier Masson,France,1,1886,Oui
http://www.wikidata.org/entity/Q12744323,Ștefan Protopopescu,Romania,0,1886,Non
http://www.wikidata.org/entity/Q1010676,Giovanni Sabelli,Kingdom of Italy,1,1886,Oui
http://www.wikidata.org/entity/Q5701963,Herbert Dargue,United States,2,1886,Oui
http://www.wikidata.org/entity/Q1897491,Alfred Renard,Belgium,1,1886,Oui
http://www.wikidata.org/entity/Q15971697,André Fernet,France,3,1886,Oui
http://www.wikidata.org/entity/Q7830173,Townsend F. Dodd,United States,1,1886,Oui
http://www.wikidata.org/entity/Q3771588,Giuseppe Valle,Kingdom of Italy,3,1886,Oui
http://www.wikidata.org/entity/Q17421394,Joseph Joel Hammond,New Zealand,0,1886,Non
http://www.wikidata.org/entity/Q66462568,Albert Mézergues,France,6,1886,Oui
http://www.wikidata.org/entity/Q8005084,William Barnard Rhodes-Moorhouse,United Kingdom of Great Britain and Ireland,2,1887,Oui
http://www.wikidata.org/entity/Q5740525,Hermann Becker,German Empire,0,1887,Non
http://www.wikidata.org/entity/Q67596298,Gaston Rivier,France,1,1887,Oui
http://www.wikidata.org/entity/Q15229615,Marc Pourpe,France,0,1887,Non
http://www.wikidata.org/entity/Q90765,Max Ritter von Müller,German Empire,2,1887,Oui
http://www.wikidata.org/entity/Q65123952,Aimé Vallet,France,2,1887,Oui
http://www.wikidata.org/entity/Q5546904,Georges Thénault,France,2,1887,Oui
http://www.wikidata.org/entity/Q26234817,Victor Carganico,Germany,0,1887,Non
http://www.wikidata.org/entity/Q7615730,Stewart Blacker,United Kingdom of Great Britain and Ireland,1,1887,Oui
http://www.wikidata.org/entity/Q5497524,Frederick Charles Victor Laws,United Kingdom of Great Britain and Ireland,2,1887,Oui
http://www.wikidata.org/entity/Q91698,Gustav Dörr,Germany,2,1887,Oui
http://www.wikidata.org/entity/Q5981305,James Rogers McConnell,United States,0,1887,Non
http://www.wikidata.org/entity/Q17630111,Ercole Ercole,Kingdom of Italy,1,1887,Oui
http://www.wikidata.org/entity/Q966524,Pyotr Nesterov,Russian Empire,5,1887,Oui
http://www.wikidata.org/entity/Q933918,James Norman Hall,United States,1,1887,Oui
http://www.wikidata.org/entity/Q954532,Mick Mannock,United Kingdom of Great Britain and Ireland,5,1887,Oui
http://www.wikidata.org/entity/Q1782678,Konstantin Kalinin,Russian Empire,3,1887,Oui
http://www.wikidata.org/entity/Q19630071,Jacques Goüin,France,4,1887,Oui
http://www.wikidata.org/entity/Q2934938,Camille Georges Jousse,France,3,1887,Oui
http://www.wikidata.org/entity/Q85705913,Jean de La Rochefoucauld,France,2,1887,Oui
http://www.wikidata.org/entity/Q3768016,Giovanni Ravelli,Kingdom of Italy,1,1887,Oui
http://www.wikidata.org/entity/Q11813744,Paul von Osterroht,German Empire,1,1887,Oui
http://www.wikidata.org/entity/Q23928441,Ernest Burri,France,1,1887,Oui
http://www.wikidata.org/entity/Q2831076,Albert Cushing Read,United States,7,1887,Oui
http://www.wikidata.org/entity/Q6217809,John Arthur Macready,United States,2,1887,Oui
http://www.wikidata.org/entity/Q5366549,Elmer Fowler Stone,United States,3,1887,Oui
http://www.wikidata.org/entity/Q539107,Marc Mitscher,United States,4,1887,Oui
http://www.wikidata.org/entity/Q2848834,André d'Humières,France,2,1887,Oui
http://www.wikidata.org/entity/Q7788791,Thomas Dewitt Milling,United States,2,1887,Oui
http://www.wikidata.org/entity/Q16537754,Casimiro Buttini,Kingdom of Italy,1,1887,Oui
http://www.wikidata.org/entity/Q62236,Walther Wever,German Empire,14,1887,Oui
http://www.wikidata.org/entity/Q3510860,Edmund Sparmann,Sweden,0,1888,Non
http://www.wikidata.org/entity/Q673291,Fernand Jacquet,Belgium,8,1888,Oui
http://www.wikidata.org/entity/Q1578468,Hans Albrecht Wedel,German Empire,0,1888,Non
http://www.wikidata.org/entity/Q7373412,Roy Stuart Brown,United States,0,1888,Non
http://www.wikidata.org/entity/Q369985,Valentine Baker,United Kingdom of Great Britain and Ireland,2,1888,Oui
http://www.wikidata.org/entity/Q577806,Hubert Wilkins,Australia,8,1888,Oui
http://www.wikidata.org/entity/Q3300490,Maurice Boyau,France,3,1888,Oui
http://www.wikidata.org/entity/Q101788781,Édouard Le Mounier,France,1,1888,Oui
http://www.wikidata.org/entity/Q170596,T. E. Lawrence,United Kingdom of Great Britain and Ireland,4,1888,Oui
http://www.wikidata.org/entity/Q19973615,Dante Nannini,Kingdom of Italy,0,1888,Non
http://www.wikidata.org/entity/Q8310695,Lucien Coupet,France,1,1888,Oui
http://www.wikidata.org/entity/Q210268,Richard E. Byrd,United States,24,1888,Oui
http://www.wikidata.org/entity/Q5376709,"Enea Bossi, Sr.",United States,0,1888,Non
http://www.wikidata.org/entity/Q67507106,Albert-Paul Granier,France,3,1888,Oui
http://www.wikidata.org/entity/Q3170933,Jean Bourhis,France,1,1888,Oui
http://www.wikidata.org/entity/Q207709,Roland Garros,France,3,1888,Oui
http://www.wikidata.org/entity/Q12293769,Simeon Petrov,Bulgaria,0,1888,Non
http://www.wikidata.org/entity/Q525144,Johann Frint,Austria–Hungary,1,1888,Oui
http://www.wikidata.org/entity/Q41493092,Aimé Grasset,France,5,1888,Oui
http://www.wikidata.org/entity/Q1064554,Charles Godefroy,France,1,1888,Oui
http://www.wikidata.org/entity/Q1622081,Josef Suwelack,German Empire,1,1888,Oui
http://www.wikidata.org/entity/Q84730463,Władysław Dittmer,Poland,1,1888,Oui
http://www.wikidata.org/entity/Q1010605,Giorgio Michetti,Kingdom of Italy,1,1888,Oui
http://www.wikidata.org/entity/Q71848370,Paul Jacottet,France,0,1888,Non
http://www.wikidata.org/entity/Q472772,Francesco Baracca,Kingdom of Italy,7,1888,Oui
http://www.wikidata.org/entity/Q88004660,Francesco Cappa,Kingdom of Italy,1,1888,Oui
http://www.wikidata.org/entity/Q10933676,Henri Brégi,France,1,1888,Oui
http://www.wikidata.org/entity/Q2841414,Amaury de La Grange,France,1,1888,Oui
http://www.wikidata.org/entity/Q517781,Willis Augustus Lee,United States,2,1888,Oui
http://www.wikidata.org/entity/Q87460570,Bolesław Lepszy,Poland,1,1888,Oui
http://www.wikidata.org/entity/Q32812,Tryggve Gran,Norway,3,1888,Oui
http://www.wikidata.org/entity/Q73039,Hermann Köhl,German Reich,3,1888,Oui
http://www.wikidata.org/entity/Q86192,Eduard Ritter von Schleich,German Empire,4,1888,Oui
http://www.wikidata.org/entity/Q3387349,Pierre Weiss,France,0,1889,Non
http://www.wikidata.org/entity/Q2629557,Viktor Pokrovsky,Russian Empire,1,1889,Oui
http://www.wikidata.org/entity/Q6299054,Juan Bielovucic,France,0,1889,Non
http://www.wikidata.org/entity/Q21155862,André Brézillon,France,1,1889,Oui
http://www.wikidata.org/entity/Q21334164,René Boisard,France,1,1889,Oui
http://www.wikidata.org/entity/Q696883,Godwin von Brumowski,Austria–Hungary,5,1889,Oui
http://www.wikidata.org/entity/Q3059893,Eugène Gilbert,France,0,1889,Non
http://www.wikidata.org/entity/Q365814,Adolphe Pégoud,France,4,1889,Oui
http://www.wikidata.org/entity/Q5408538,Eugène Camplan,France,1,1889,Oui
http://www.wikidata.org/entity/Q790939,Bartolomeo Costantini,Kingdom of Italy,1,1889,Oui
http://www.wikidata.org/entity/Q1161254,Béla Macourek,Austria–Hungary,1,1889,Oui
http://www.wikidata.org/entity/Q5497962,Frederick Hards,United Kingdom of Great Britain and Ireland,2,1889,Oui
http://www.wikidata.org/entity/Q18744639,Maurice Béquet,France,1,1889,Oui
http://www.wikidata.org/entity/Q3357019,Oscar Monteiro Torres,Portugal,1,1889,Oui
http://www.wikidata.org/entity/Q2847955,André Herbelin,France,4,1889,Oui
http://www.wikidata.org/entity/Q3129956,Hellmuth Volkmann,German Reich,3,1889,Oui
http://www.wikidata.org/entity/Q122914391,Fred Allen Tillman,United States,1,1889,Oui
http://www.wikidata.org/entity/Q20751729,Edouard Meyer,France,2,1889,Oui
http://www.wikidata.org/entity/Q58492917,Raoul Augereau,France,0,1889,Non
http://www.wikidata.org/entity/Q2575687,Wilhelm Wimmer,Germany,0,1889,Non
http://www.wikidata.org/entity/Q5481340,Francis Howard Bickerton,United Kingdom of Great Britain and Ireland,1,1889,Oui
http://www.wikidata.org/entity/Q20051707,Louis Delrieu,France,3,1889,Oui
http://www.wikidata.org/entity/Q16546912,Charles Gordon Bell,United Kingdom of Great Britain and Ireland,0,1889,Non
http://www.wikidata.org/entity/Q990869,Ernesto Cabruna,Kingdom of Italy,1,1889,Oui
http://www.wikidata.org/entity/Q76031962,Adelard Raymond,Canada,0,1889,Non
http://www.wikidata.org/entity/Q5576407,Godfrey Chevalier,United States,1,1889,Oui
http://www.wikidata.org/entity/Q3270765,Léon Bourjade,France,2,1889,Oui
http://www.wikidata.org/entity/Q3301213,Maurice Noguès,France,4,1889,Oui
http://www.wikidata.org/entity/Q3425985,René Chambe,France,3,1889,Oui
http://www.wikidata.org/entity/Q110892274,Georges Regnard,France,2,1889,Oui
http://www.wikidata.org/entity/Q5734221,Herbert Gilles Watson,Australia,2,1889,Oui
http://www.wikidata.org/entity/Q4015559,Vittorio Suster,Kingdom of Italy,1,1889,Oui
http://www.wikidata.org/entity/Q5366007,Ellis Vair Reid,Canada,1,1889,Oui
http://www.wikidata.org/entity/Q57937,Max Immelmann,Kingdom of Saxony,2,1890,Oui
http://www.wikidata.org/entity/Q869279,Cosimo Rennella,Kingdom of Italy,1,1890,Oui
http://www.wikidata.org/entity/Q8322598,Étienne Bunau-Varilla,France,4,1890,Oui
http://www.wikidata.org/entity/Q40830969,Lindley Haines DeGarmo,United States,0,1890,Non
http://www.wikidata.org/entity/Q1413668,Franz Wognar,Austria–Hungary,1,1890,Oui
http://www.wikidata.org/entity/Q6371643,Karl Bohnenkamp,Germany,0,1890,Non
http://www.wikidata.org/entity/Q7052114,Norman Craig Millman,Canada,0,1890,Non
http://www.wikidata.org/entity/Q1001892,Flaminio Avet,Kingdom of Italy,1,1890,Oui
http://www.wikidata.org/entity/Q8022028,Willis Bradley Haviland,United States,1,1890,Oui
http://www.wikidata.org/entity/Q1730416,Karl Barlen,Germany,0,1890,Non
http://www.wikidata.org/entity/Q4829993,Awdry Vaucour,United Kingdom of Great Britain and Ireland,2,1890,Oui
http://www.wikidata.org/entity/Q19513868,Wilhelm Pleickart von Marschall von Bieberstein,German Reich,0,1890,Non
http://www.wikidata.org/entity/Q3385873,Pierre Le Roy de Boiseaumarié,France,4,1890,Oui
http://www.wikidata.org/entity/Q8015985,William Myron MacDonald,Canada,1,1890,Oui
http://www.wikidata.org/entity/Q822424,Lucien Bossoutrot,France,2,1890,Oui
http://www.wikidata.org/entity/Q17413880,René Labouchère,France,0,1890,Non
http://www.wikidata.org/entity/Q49034027,Geoffroy Petit,France,2,1890,Oui
http://www.wikidata.org/entity/Q557134,Lanoe Hawker,United Kingdom of Great Britain and Ireland,3,1890,Oui
http://www.wikidata.org/entity/Q7281717,Radu Irimescu,Romania,2,1890,Oui
http://www.wikidata.org/entity/Q4800681,Arthur William Hammond,United Kingdom of Great Britain and Ireland,0,1890,Non
http://www.wikidata.org/entity/Q12272407,Asen Agov,Bulgaria,1,1890,Oui
http://www.wikidata.org/entity/Q58645,Robert Ley,Germany,11,1890,Oui
http://www.wikidata.org/entity/Q3370501,Paul Petit,France,2,1890,Oui
http://www.wikidata.org/entity/Q350098,Stefan Fejes,Austria–Hungary,0,1890,Non
http://www.wikidata.org/entity/Q1738089,Keith Macpherson Smith,Australia,1,1890,Oui
http://www.wikidata.org/entity/Q4754768,Andre Delorme,France,1,1890,Oui
http://www.wikidata.org/entity/Q922157,Albert Deullin,France,2,1890,Oui
http://www.wikidata.org/entity/Q113459584,Louis George Meister,United States,0,1890,Non
http://www.wikidata.org/entity/Q3184960,Joseph Frantz,France,4,1890,Oui
http://www.wikidata.org/entity/Q124282711,Paul Pavelka,France,1,1890,Oui
http://www.wikidata.org/entity/Q28653897,Jan Kieżun,Poland,5,1890,Oui
http://www.wikidata.org/entity/Q18941928,René Vidart,France,0,1890,Non
http://www.wikidata.org/entity/Q20791917,Jean-Alain Tétart,France,0,1890,Non
http://www.wikidata.org/entity/Q1586488,Harry Frank Guggenheim,United States,1,1890,Oui
http://www.wikidata.org/entity/Q75372835,Robert Halbronn,France,0,1890,Non
http://www.wikidata.org/entity/Q9147745,Alfred Lenz,Germany,0,1890,Non
http://www.wikidata.org/entity/Q2522256,Victor Emmanuel Chapman,United States,0,1890,Non
http://www.wikidata.org/entity/Q1429652,Floyd Bennett,United States,2,1890,Oui
http://www.wikidata.org/entity/Q96048921,Juliusz Gilewicz,Poland,6,1890,Oui
http://www.wikidata.org/entity/Q780891,Attilio Imolesi,Kingdom of Italy,1,1890,Oui
http://www.wikidata.org/entity/Q7789983,"Thomas George Lanphier, Sr.",United States,0,1890,Non
http://www.wikidata.org/entity/Q1387812,George E. Stratemeyer,United States,3,1890,Oui
http://www.wikidata.org/entity/Q87412993,Jan Röder,Poland,3,1890,Oui
http://www.wikidata.org/entity/Q47029195,Victorin Garaix,France,1,1890,Oui
http://www.wikidata.org/entity/Q7153335,Paul Rothe,Austria,1,1890,Oui
http://www.wikidata.org/entity/Q628821,Lewis Hyde Brereton,United States,11,1890,Oui
http://www.wikidata.org/entity/Q79133,Benno Fiala Ritter von Fernbrugg,Austria,3,1890,Oui
http://www.wikidata.org/entity/Q3164303,Jean-Baptiste Morraglia,France,1,1890,Oui
http://www.wikidata.org/entity/Q63158536,Gilbert Sudbury Hall,United Kingdom of Great Britain and Ireland,0,1890,Non
http://www.wikidata.org/entity/Q61744331,Lucien Girier,France,2,1890,Oui
http://www.wikidata.org/entity/Q982586,Richard Williams,Australia,3,1890,Oui
http://www.wikidata.org/entity/Q18812023,Maurizio Pagliano,Kingdom of Italy,1,1890,Oui
http://www.wikidata.org/entity/Q666589,Gottfried Freiherr von Banfield,Kingdom of Italy,4,1890,Oui
http://www.wikidata.org/entity/Q3732234,Ernesto Fogola,Kingdom of Italy,1,1891,Oui
http://www.wikidata.org/entity/Q3438160,Roderic Dallas,Australia,1,1891,Oui
http://www.wikidata.org/entity/Q85437749,Władysław Popiel,Poland,2,1891,Oui
http://www.wikidata.org/entity/Q7659893,Sydney Deamer,Australia,0,1891,Non
http://www.wikidata.org/entity/Q11727900,John Henry Tudhope,South Africa,1,1891,Oui
http://www.wikidata.org/entity/Q50322256,Maurice Drouhin,France,2,1891,Oui
http://www.wikidata.org/entity/Q12793130,Jurij Kraigher - Žore,Austria–Hungary,0,1891,Non
http://www.wikidata.org/entity/Q45025500,Émile Paumier,France,1,1891,Oui
http://www.wikidata.org/entity/Q927898,Giorgio Pessi,Italy,1,1891,Oui
http://www.wikidata.org/entity/Q761785,Kurt Ungewitter,German Empire,2,1891,Oui
http://www.wikidata.org/entity/Q2544103,Walter Elze,German Reich,2,1891,Oui
http://www.wikidata.org/entity/Q98970035,Auguste Maicon,France,0,1891,Non
http://www.wikidata.org/entity/Q2578928,Richard Saul,United Kingdom,3,1891,Oui
http://www.wikidata.org/entity/Q18421600,Bernard A. Smart,British Empire,0,1891,Non
http://www.wikidata.org/entity/Q11725502,Jerzy Szeruda,Poland,0,1891,Non
http://www.wikidata.org/entity/Q3293818,Marius Lacrouze,France,0,1891,Non
http://www.wikidata.org/entity/Q1611145,Hermann Frommherz,German Empire,0,1891,Non
http://www.wikidata.org/entity/Q970171,Peter Carpenter,United Kingdom of Great Britain and Ireland,2,1891,Oui
http://www.wikidata.org/entity/Q64807,Werner Lorenz,German Empire,1,1891,Oui
http://www.wikidata.org/entity/Q3425914,René Bouscat,France,1,1891,Oui
http://www.wikidata.org/entity/Q1003578,Franklin Saunders,Wales,1,1891,Oui
http://www.wikidata.org/entity/Q1803090,Reginald Denny,United Kingdom,1,1891,Oui
http://www.wikidata.org/entity/Q59180848,Stéphane de Bissy,France,1,1891,Oui
http://www.wikidata.org/entity/Q15644413,Albert Roper,France,15,1891,Oui
http://www.wikidata.org/entity/Q2871220,Auguste Heiligenstein,France,2,1891,Oui
http://www.wikidata.org/entity/Q7442673,William Weir,Australia,0,1891,Non
http://www.wikidata.org/entity/Q1968292,Konstantin Artseulov,Russian Empire,9,1891,Oui
http://www.wikidata.org/entity/Q3185610,Joseph Sadi-Lecointe,France,7,1891,Oui
http://www.wikidata.org/entity/Q2834582,Alexis Maneyrol,France,2,1891,Oui
http://www.wikidata.org/entity/Q8004399,William Anderson,Australia,2,1891,Oui
http://www.wikidata.org/entity/Q110392185,Charles Daniel Pratt,New Zealand,0,1891,Non
http://www.wikidata.org/entity/Q96872,Friedrich-Wilhelm Morzik,Germany,1,1891,Oui
http://www.wikidata.org/entity/Q3779319,Guido Guidi,Kingdom of Italy,0,1891,Non
http://www.wikidata.org/entity/Q113383170,Philip Hoffman Downes II,United States,0,1891,Non
http://www.wikidata.org/entity/Q16919747,Felice Porro,Kingdom of Italy,2,1891,Oui
http://www.wikidata.org/entity/Q3741713,Federico Fenu,Kingdom of Italy,0,1891,Non
http://www.wikidata.org/entity/Q240383,Luigi Olivari,Kingdom of Italy,1,1891,Oui
http://www.wikidata.org/entity/Q3184298,Joseph-Henri Guiguet,France,1,1891,Oui
http://www.wikidata.org/entity/Q772706,Antonio Reali,Kingdom of Italy,1,1891,Oui
http://www.wikidata.org/entity/Q2579693,William Welsh,United Kingdom,4,1891,Oui
http://www.wikidata.org/entity/Q87920,Gotthard Sachsenberg,Germany,1,1891,Oui
http://www.wikidata.org/entity/Q16638882,Georges Chemet,France,2,1891,Oui
http://www.wikidata.org/entity/Q104215718,Alfred de Laage de Meux,France,1,1891,Oui
http://www.wikidata.org/entity/Q5661386,Harold Koch Boysen,United States,1,1891,Oui
http://www.wikidata.org/entity/Q87775784,Bolesław Gallus,Poland,3,1891,Oui
http://www.wikidata.org/entity/Q1685460,Jean Dagnaux,France,2,1891,Oui
http://www.wikidata.org/entity/Q5627907,H.D. Harvey-Kelly,Ireland,1,1891,Oui
http://www.wikidata.org/entity/Q87010,Wilhelm Reinhard,German Empire,1,1891,Oui
http://www.wikidata.org/entity/Q3026993,Didier Daurat,France,1,1891,Oui
http://www.wikidata.org/entity/Q64547646,Firmin Thouéry,France,6,1891,Oui
http://www.wikidata.org/entity/Q450396,Reginald Alexander John Warneford,United Kingdom of Great Britain and Ireland,2,1891,Oui
http://www.wikidata.org/entity/Q5650898,Hans von Schiller,Germany,0,1891,Non
http://www.wikidata.org/entity/Q4131836,Farrukh Gayibov,Russian Empire,7,1891,Oui
http://www.wikidata.org/entity/Q4800684,Arthur William Murphy,Australia,3,1891,Oui
http://www.wikidata.org/entity/Q1297319,Rudolf Szepessy-Sokoll,Austria–Hungary,0,1891,Non
http://www.wikidata.org/entity/Q579115,Carl Andrew Spaatz,United States,11,1891,Oui
http://www.wikidata.org/entity/Q1028543,Guglielmo Fornagiari,Kingdom of Italy,1,1892,Oui
http://www.wikidata.org/entity/Q47089200,Joseph Thoret,France,2,1892,Oui
http://www.wikidata.org/entity/Q3288734,Marcel Brindejonc des Moulinais,France,7,1892,Oui
http://www.wikidata.org/entity/Q3383636,Pierre Abraham,France,1,1892,Oui
http://www.wikidata.org/entity/Q5650697,Hans Schilling,German Empire,0,1892,Non
http://www.wikidata.org/entity/Q18655471,Charles Kervyn de Lettenhove,Belgium,0,1892,Non
http://www.wikidata.org/entity/Q7965033,Walter H. Longton,United Kingdom,1,1892,Oui
http://www.wikidata.org/entity/Q24942916,Cesare Darby,Italy,1,1892,Oui
http://www.wikidata.org/entity/Q1764950,Willi Rosenstein,Germany,0,1892,Non
http://www.wikidata.org/entity/Q3302177,Max Knipping,France,3,1892,Oui
http://www.wikidata.org/entity/Q18222081,Louis Quenault,France,2,1892,Oui
http://www.wikidata.org/entity/Q3119438,Guido Keller,Kingdom of Italy,1,1892,Oui
http://www.wikidata.org/entity/Q674604,Franz Gräser,Austria–Hungary,1,1892,Oui
http://www.wikidata.org/entity/Q3086984,Fred Zinn,United States,0,1892,Non
http://www.wikidata.org/entity/Q3103314,Georges Pelletier Doisy,France,2,1892,Oui
http://www.wikidata.org/entity/Q17279946,Ferruccio Capuzzo,Kingdom of Italy,1,1892,Oui
http://www.wikidata.org/entity/Q3289043,Marcel A. Hugues,France,3,1892,Oui
http://www.wikidata.org/entity/Q827380,Bert Hinkler,Australia,2,1892,Oui
http://www.wikidata.org/entity/Q4115812,Lowell Herbert Smith,United States,1,1892,Oui
http://www.wikidata.org/entity/Q3093776,Gabriel Guérin,France,3,1892,Oui
http://www.wikidata.org/entity/Q5677672,Harvey Weir Cook,United States,0,1892,Non
http://www.wikidata.org/entity/Q57169,Erhard Milch,Germany,22,1892,Oui
http://www.wikidata.org/entity/Q5405264,Euan Dickson,United Kingdom,1,1892,Oui
http://www.wikidata.org/entity/Q659202,Georges Madon,France,1,1892,Oui
http://www.wikidata.org/entity/Q87208718,Antoni Poznański,Poland,1,1892,Oui
http://www.wikidata.org/entity/Q6184584,Jerry Vasconcells,United States,0,1892,Non
http://www.wikidata.org/entity/Q1294657,Edwin Harris Dunning,United Kingdom of Great Britain and Ireland,1,1892,Oui
http://www.wikidata.org/entity/Q372582,Nissim de Camondo,France,2,1892,Oui
http://www.wikidata.org/entity/Q94012602,Adam Dziembowski,Poland,1,1892,Oui
http://www.wikidata.org/entity/Q6075633,Kiffin Yates Rockwell,United States,3,1892,Oui
http://www.wikidata.org/entity/Q5595449,Grandison Gardner,United States,0,1892,Non
http://www.wikidata.org/entity/Q5730529,Henry Wrigley,Australia,3,1892,Oui
http://www.wikidata.org/entity/Q3734306,Eugenio Casagrande,Kingdom of Italy,1,1892,Oui
http://www.wikidata.org/entity/Q4218578,Aleksandr Kvasnikov,Russian Empire,5,1892,Oui
http://www.wikidata.org/entity/Q3176804,Jehan de Terline,France,3,1892,Oui
http://www.wikidata.org/entity/Q16037802,John Cowe McIntosh,Australia,1,1892,Oui
http://www.wikidata.org/entity/Q17056772,Mario Bernasconi,Kingdom of Italy,2,1892,Oui
http://www.wikidata.org/entity/Q23309498,Luigi Zani,Kingdom of Italy,1,1892,Oui
http://www.wikidata.org/entity/Q17480861,Mario Martucci,Kingdom of Italy,2,1892,Oui
http://www.wikidata.org/entity/Q7964263,Walter Bassett,Australia,3,1892,Oui
http://www.wikidata.org/entity/Q963291,Ross Macpherson Smith,Australia,3,1892,Oui
http://www.wikidata.org/entity/Q3102967,Georges Kirsch,France,2,1892,Oui
http://www.wikidata.org/entity/Q110431457,Goslen de La Poëze,France,3,1892,Oui
http://www.wikidata.org/entity/Q106261355,Paul de Goussencourt,Belgium,3,1892,Oui
http://www.wikidata.org/entity/Q3186139,José Adriano Pequito Rebelo,Portugal,1,1892,Oui
http://www.wikidata.org/entity/Q722926,Ferruccio Ranza,Kingdom of Italy,1,1892,Oui
http://www.wikidata.org/entity/Q18223167,Giacomo Camillo De Carlo,Kingdom of Italy,1,1892,Oui
http://www.wikidata.org/entity/Q980255,Paul Teste,France,2,1892,Oui
http://www.wikidata.org/entity/Q10781005,Alois Vicherek,Czechoslovakia,4,1892,Oui
http://www.wikidata.org/entity/Q90417873,Władysław Konopka,Poland,1,1892,Oui
http://www.wikidata.org/entity/Q65494,Reiner Stahel,Germany,1,1892,Oui
http://www.wikidata.org/entity/Q5134570,Clive Gallop,United Kingdom of Great Britain and Ireland,0,1892,Non
http://www.wikidata.org/entity/Q53835603,Yves Jan-Kerguistel,France,1,1892,Oui
http://www.wikidata.org/entity/Q96228748,"Richard Henry Depew, Jr.",United States,0,1892,Non
http://www.wikidata.org/entity/Q3436379,Robert Sénéchal,France,1,1892,Oui
http://www.wikidata.org/entity/Q563399,Dieudonné Costes,France,5,1892,Oui
http://www.wikidata.org/entity/Q5078735,Charles Hammann,United States,1,1892,Oui
http://www.wikidata.org/entity/Q918462,Charles Nungesser,France,5,1892,Oui
http://www.wikidata.org/entity/Q215338,Jona von Ustinov,United Kingdom,0,1892,Non
http://www.wikidata.org/entity/Q3763667,Gianni Widmer,Kingdom of Italy,0,1892,Non
http://www.wikidata.org/entity/Q6962350,Thomas Barkell,Australia,1,1892,Oui
http://www.wikidata.org/entity/Q3474438,Sava Mikic,Serbia,2,1892,Oui
http://www.wikidata.org/entity/Q74947,Ehrenfried Günther Freiherr von Hünefeld,Germany,0,1892,Non
http://www.wikidata.org/entity/Q5301449,Douglas Evill,Australia,5,1892,Oui
http://www.wikidata.org/entity/Q7032527,Nigel Love,Australia,0,1892,Non
http://www.wikidata.org/entity/Q6147796,Tobias Bolanos,Costa Rica,0,1892,Non
http://www.wikidata.org/entity/Q2847473,André Julien Chainat,France,0,1892,Non
http://www.wikidata.org/entity/Q963245,Keith Park,British Empire,9,1892,Oui
http://www.wikidata.org/entity/Q85245204,Andrzej Płachta,Second Polish Republic,8,1892,Oui
http://www.wikidata.org/entity/Q5523660,Garnet Malley,Australia,3,1892,Oui
http://www.wikidata.org/entity/Q254932,Edmond Thieffry,Belgium,3,1892,Oui
http://www.wikidata.org/entity/Q731244,Ivan Loiko,Russian Empire,8,1892,Oui
http://www.wikidata.org/entity/Q5305522,Dragutin Novak,Kingdom of Hungary,0,1892,Non
http://www.wikidata.org/entity/Q5583183,William Bostock,Australia,3,1892,Oui
http://www.wikidata.org/entity/Q19407800,Attilio Matricardi,Kingdom of Italy,1,1892,Oui
http://www.wikidata.org/entity/Q3175814,Jean du Plessis de Grenedan,France,1,1892,Oui
http://www.wikidata.org/entity/Q117383448,Eugeniusz Płuszczewski,Poland,0,1892,Non
http://www.wikidata.org/entity/Q87568723,Bronisław Fabian,Poland,2,1892,Oui
http://www.wikidata.org/entity/Q940719,Henry M. Mullinnix,United States,1,1892,Oui
http://www.wikidata.org/entity/Q77139,Robert Ritter von Greim,Germany,4,1892,Oui
http://www.wikidata.org/entity/Q435971,John Alcock,United Kingdom of Great Britain and Ireland,2,1892,Oui
http://www.wikidata.org/entity/Q1348425,Hobey Baker,United States,3,1892,Oui
http://www.wikidata.org/entity/Q105635533,Fred William Norton,United States,0,1893,Non
http://www.wikidata.org/entity/Q3159386,Adrien L. J. Leps,France,0,1893,Non
http://www.wikidata.org/entity/Q6820226,Merrill Samuel Taylor,Canada,0,1893,Non
http://www.wikidata.org/entity/Q9254740,Ernst Hess,German Empire,0,1893,Non
http://www.wikidata.org/entity/Q1010662,Giovanni Nicelli,Kingdom of Italy,1,1893,Oui
http://www.wikidata.org/entity/Q8030073,Wolfgang Güttler,Kingdom of Prussia,1,1893,Oui
http://www.wikidata.org/entity/Q7002055,Jean Amanrich,France,1,1893,Oui
http://www.wikidata.org/entity/Q125112,Carl August Freiherr von Gablenz,German Reich,1,1893,Oui
http://www.wikidata.org/entity/Q468716,Claire Lee Chennault,United States,15,1893,Oui
http://www.wikidata.org/entity/Q21208791,Adriano Monti,Italy,1,1893,Oui
http://www.wikidata.org/entity/Q1867018,W. E. Johns,United Kingdom of Great Britain and Ireland,0,1893,Non
http://www.wikidata.org/entity/Q945756,Michele Allasia,Kingdom of Italy,1,1893,Oui
http://www.wikidata.org/entity/Q88225409,Józef Żuromski,Poland,1,1893,Oui
http://www.wikidata.org/entity/Q97221,Otto Kissenberth,German Empire,1,1893,Oui
http://www.wikidata.org/entity/Q2835131,Alfred Fronval,France,4,1893,Oui
http://www.wikidata.org/entity/Q107523,Julius Buckler,German Empire,2,1893,Oui
http://www.wikidata.org/entity/Q12749761,Viktor Nikitin,Russian Empire,0,1893,Non
http://www.wikidata.org/entity/Q3764556,Gino Allegri,Kingdom of Italy,1,1893,Oui
http://www.wikidata.org/entity/Q3174337,Jean Rignot,France,0,1893,Non
http://www.wikidata.org/entity/Q110249740,Alois Evers,Germany,0,1893,Non
http://www.wikidata.org/entity/Q12800315,Roderick McDonald,Canada,0,1893,Non
http://www.wikidata.org/entity/Q621291,Alessandro Buzio,Kingdom of Italy,1,1893,Oui
http://www.wikidata.org/entity/Q3370342,Paul-Louis Weiller,France,7,1893,Oui
http://www.wikidata.org/entity/Q3173249,Jean Loste,France,2,1893,Oui
http://www.wikidata.org/entity/Q87145526,Kazimierz Olechnowicz-Czerkas,Poland,3,1893,Oui
http://www.wikidata.org/entity/Q1288389,Silvio Scaroni,Kingdom of Italy,3,1893,Oui
http://www.wikidata.org/entity/Q474389,Alfred Heurtaux,France,6,1893,Oui
http://www.wikidata.org/entity/Q5905074,Horrie Miller,Australia,1,1893,Oui
http://www.wikidata.org/entity/Q3263438,Louis de Diesbach de Belleroche,France,7,1893,Oui
http://www.wikidata.org/entity/Q3564584,Karel Janoušek,Austria–Hungary,7,1893,Oui
http://www.wikidata.org/entity/Q19936135,Stanley Asa Puffer,Canada,0,1893,Non
http://www.wikidata.org/entity/Q5585631,Gordon Olley,United Kingdom of Great Britain and Ireland,1,1893,Oui
http://www.wikidata.org/entity/Q47906,Hermann Göring,Sweden,29,1893,Oui
http://www.wikidata.org/entity/Q6751588,Mansell Richard James,United Kingdom of Great Britain and Ireland,1,1893,Oui
http://www.wikidata.org/entity/Q63148985,Wacław Ulass,Poland,2,1893,Oui
http://www.wikidata.org/entity/Q8019266,William Thaw II,United States,1,1893,Oui
http://www.wikidata.org/entity/Q1975213,Hans Roser,German Empire,0,1893,Non
http://www.wikidata.org/entity/Q2332513,Emanoil Ionescu,Kingdom of Romania,7,1893,Oui
http://www.wikidata.org/entity/Q4013362,Vincenzo Magliocco,Kingdom of Italy,4,1893,Oui
http://www.wikidata.org/entity/Q5661493,Harold Leslie Edwards,Canada,2,1893,Oui
http://www.wikidata.org/entity/Q7929827,Viktor Schobinger,Germany,0,1893,Non
http://www.wikidata.org/entity/Q353552,Mikhail Gurevich,Russian Empire,8,1893,Oui
http://www.wikidata.org/entity/Q2038242,Fritz Otto Bernert,German Empire,1,1893,Oui
http://www.wikidata.org/entity/Q2134138,Raymond Collishaw,Canada,4,1893,Oui
http://www.wikidata.org/entity/Q20962771,René Weiser,France,1,1893,Oui
http://www.wikidata.org/entity/Q3848501,Mario de Bernardi,Kingdom of Italy,1,1893,Oui
http://www.wikidata.org/entity/Q60708502,Edmond Benoit,France,0,1893,Non
http://www.wikidata.org/entity/Q446427,Merian C. Cooper,United States,5,1893,Oui
http://www.wikidata.org/entity/Q2733481,Quintin Brand,South Africa,4,1893,Oui
http://www.wikidata.org/entity/Q92533,Reinhold Tiling,Kingdom of Bavaria,0,1893,Non
http://www.wikidata.org/entity/Q7343572,Robert Dodds,Canada,1,1893,Oui
http://www.wikidata.org/entity/Q15971688,Joanny Burtin,France,2,1893,Oui
http://www.wikidata.org/entity/Q123287001,Andrzej Kładko,Poland,4,1893,Oui
http://www.wikidata.org/entity/Q3288997,Marcel Goulette,France,2,1893,Oui
http://www.wikidata.org/entity/Q2139295,Alain Gerbault,France,2,1893,Oui
http://www.wikidata.org/entity/Q52419325,Umberto Gelmetti,Kingdom of Italy,1,1893,Oui
http://www.wikidata.org/entity/Q620667,Aleksandr Pishvanov,Russian Empire,4,1893,Oui
http://www.wikidata.org/entity/Q1579928,Hans Gutermuth,German Empire,0,1893,Non
http://www.wikidata.org/entity/Q23138563,"Theodore Marburg, Jr.",United States,0,1893,Non
http://www.wikidata.org/entity/Q114891167,Achille Enderlin,France,0,1893,Non
http://www.wikidata.org/entity/Q5498760,Frederick Sowrey,United Kingdom of Great Britain and Ireland,3,1893,Oui
http://www.wikidata.org/entity/Q97475,Karl Thom,Germany,1,1893,Oui
http://www.wikidata.org/entity/Q869278,Cosimo Rizzotto,Kingdom of Italy,1,1893,Oui
http://www.wikidata.org/entity/Q13416231,Mikhail Safonov,Russian Empire,6,1893,Oui
http://www.wikidata.org/entity/Q201490,Colby Ruckle,Canada,1,1893,Oui
http://www.wikidata.org/entity/Q16008336,Harry Bruno,United States,0,1893,Non
http://www.wikidata.org/entity/Q43748278,Georgi Minev Popvasilev,Bulgaria,0,1893,Non
http://www.wikidata.org/entity/Q113464086,Randolph Gilham Page,United States,0,1893,Non
http://www.wikidata.org/entity/Q90156,Oskar Freiherr von Boenigk,Germany,1,1893,Oui
http://www.wikidata.org/entity/Q1250746,Romolo Ticconi,Kingdom of Italy,1,1893,Oui
http://www.wikidata.org/entity/Q2035406,Billy Bishop,Canada,8,1894,Oui
http://www.wikidata.org/entity/Q762174,André de Meulemeester,Belgium,1,1894,Oui
http://www.wikidata.org/entity/Q6555332,Theodor Croneiss,German Reich,1,1894,Oui
http://www.wikidata.org/entity/Q28357614,David Rittenhouse,United States,0,1894,Non
http://www.wikidata.org/entity/Q90314500,Jerzy Weber,Poland,1,1894,Oui
http://www.wikidata.org/entity/Q1118464,Konstantin Vakulovsky,Russian Empire,18,1894,Oui
http://www.wikidata.org/entity/Q3830629,Leonida Schiona,Kingdom of Italy,10,1894,Oui
http://www.wikidata.org/entity/Q17562067,Giuseppe De Marco,Kingdom of Italy,1,1894,Oui
http://www.wikidata.org/entity/Q3722898,Elia Liut,Kingdom of Italy,1,1894,Oui
http://www.wikidata.org/entity/Q5486929,Frank Granger Quigley,Canada,3,1894,Oui
http://www.wikidata.org/entity/Q1582086,Hans Rolshoven,German Empire,0,1894,Non
http://www.wikidata.org/entity/Q42309269,René Bazin,France,4,1894,Oui
http://www.wikidata.org/entity/Q5006332,Corliss Champion Moseley,United States,1,1894,Oui
http://www.wikidata.org/entity/Q48674,René Fonck,France,9,1894,Oui
http://www.wikidata.org/entity/Q3420800,Raymond Delmotte,France,1,1894,Oui
http://www.wikidata.org/entity/Q446435,Georges Guynemer,France,12,1894,Oui
http://www.wikidata.org/entity/Q16030058,Herbert Carmichael Irwin,United Kingdom,1,1894,Oui
http://www.wikidata.org/entity/Q6184237,Jerry Pentland,Australia,3,1894,Oui
http://www.wikidata.org/entity/Q754387,Ernst Leman,Russian Empire,4,1894,Oui
http://www.wikidata.org/entity/Q4971663,Florentin Bonnet,France,1,1894,Oui
http://www.wikidata.org/entity/Q511802,Georg Kenzian,Austria,1,1894,Oui
http://www.wikidata.org/entity/Q7910952,Valentine Collins,United Kingdom of Great Britain and Ireland,0,1894,Non
http://www.wikidata.org/entity/Q3904274,Pietro Sordi,Kingdom of Italy,1,1894,Oui
http://www.wikidata.org/entity/Q3372116,Paul Rodde,France,2,1894,Oui
http://www.wikidata.org/entity/Q3439426,Roger Ronserail,France,2,1894,Oui
http://www.wikidata.org/entity/Q3605695,Adriano Bacula,Kingdom of Italy,1,1894,Oui
http://www.wikidata.org/entity/Q12742461,Traian Burduloiu,Kingdom of Romania,5,1894,Oui
http://www.wikidata.org/entity/Q66088457,Jules Denneulin,France,1,1894,Oui
http://www.wikidata.org/entity/Q84321677,Antoni Sielicki,Poland,1,1894,Oui
http://www.wikidata.org/entity/Q4723644,Alfred Williams Carter,Canada,2,1894,Oui
http://www.wikidata.org/entity/Q22248166,Louis Bucquet,France,2,1894,Oui
http://www.wikidata.org/entity/Q84771259,Eugeniusz Tromszczyński,Poland,1,1894,Oui
http://www.wikidata.org/entity/Q754391,Yury Gilsher,Russian Empire,6,1894,Oui
http://www.wikidata.org/entity/Q110814399,Victor Hamm,France,3,1894,Oui
http://www.wikidata.org/entity/Q110657504,Aleksander Łaguna,Poland,2,1894,Oui
http://www.wikidata.org/entity/Q101251133,Louis Bernheimer,United States,0,1894,Non
http://www.wikidata.org/entity/Q43476880,Maurice Finat,France,2,1894,Oui
http://www.wikidata.org/entity/Q7297927,Ray Parer,Australia,1,1894,Oui
http://www.wikidata.org/entity/Q4799472,Arthur Lee Stanley Gould,United Kingdom of Great Britain and Ireland,1,1894,Oui
http://www.wikidata.org/entity/Q6525736,Leonard Slatter,South Africa,3,1894,Oui
http://www.wikidata.org/entity/Q29016742,Egidio Grego,Kingdom of Italy,1,1894,Oui
http://www.wikidata.org/entity/Q6109649,Jaan Mahlapuu,Russian Empire,0,1894,Non
http://www.wikidata.org/entity/Q7298627,Raymond Brownell,Australia,3,1894,Oui
http://www.wikidata.org/entity/Q6161251,Jarvis Jenness Offutt,United States,0,1894,Non
http://www.wikidata.org/entity/Q3840082,Luigi Ridolfi,Kingdom of Italy,1,1894,Oui
http://www.wikidata.org/entity/Q375937,Leopoldo Eleuteri,Kingdom of Italy,1,1894,Oui
http://www.wikidata.org/entity/Q552163,Harry Cobby,Australia,8,1894,Oui
http://www.wikidata.org/entity/Q5396836,Valfrid Nykänen,Russian Empire,0,1894,Non
http://www.wikidata.org/entity/Q2601545,William George Barker,Canada,6,1894,Oui
http://www.wikidata.org/entity/Q16641544,Henri-Augustin Rabatel,France,2,1894,Oui
http://www.wikidata.org/entity/Q28861859,Edmond Abraham,France,3,1894,Oui
http://www.wikidata.org/entity/Q648291,Luigi Olivi,Kingdom of Italy,1,1894,Oui
http://www.wikidata.org/entity/Q21529407,Marcel Hanriot,France,2,1894,Oui
http://www.wikidata.org/entity/Q3525506,Roger Poidatz,France,1,1894,Oui
http://www.wikidata.org/entity/Q9149290,Alwin Thurm,German Empire,1,1894,Oui
http://www.wikidata.org/entity/Q7306636,Reed Chambers,United States,1,1894,Oui
http://www.wikidata.org/entity/Q5498835,Frederick Thayre,United Kingdom of Great Britain and Ireland,2,1894,Oui
http://www.wikidata.org/entity/Q21209130,Vincenzo Velardi,Kingdom of Italy,1,1894,Oui
http://www.wikidata.org/entity/Q44181258,Louis Demougeot,France,1,1894,Oui
http://www.wikidata.org/entity/Q531573,Frank McNamara,Australia,3,1894,Oui
http://www.wikidata.org/entity/Q3172082,Jean Alfred Fraissinet,France,2,1894,Oui
http://www.wikidata.org/entity/Q586308,Aldo Bocchese,Kingdom of Italy,1,1894,Oui
http://www.wikidata.org/entity/Q28359354,Paul von Depp,Russian Empire,0,1894,Non
http://www.wikidata.org/entity/Q621879,Alexander P. de Seversky,Russian Empire,5,1894,Oui
http://www.wikidata.org/entity/Q114407288,Wesley Leland Smith,United States,0,1894,Non
http://www.wikidata.org/entity/Q3069217,Fernand Lasne,France,1,1894,Oui
http://www.wikidata.org/entity/Q772597,Antonio Chiri,Kingdom of Italy,1,1894,Oui
http://www.wikidata.org/entity/Q22583566,Giuseppe Santoro,Kingdom of Italy,1,1894,Oui
http://www.wikidata.org/entity/Q4867145,Basil Deacon Hobbs,Canada,1,1894,Oui
http://www.wikidata.org/entity/Q6688066,Louis Risacher,France,0,1894,Non
http://www.wikidata.org/entity/Q4821190,Augustine Kelly,United Kingdom of Great Britain and Ireland,1,1894,Oui
http://www.wikidata.org/entity/Q3725705,Enrico Cottino,Kingdom of Italy,1,1894,Oui
http://www.wikidata.org/entity/Q75866,Rudolf Heß,German Reich,5,1894,Oui
http://www.wikidata.org/entity/Q6282544,Robert De Bonnefoy,France,4,1894,Oui
http://www.wikidata.org/entity/Q7964906,Walter G. R. Hinchliffe,United Kingdom of Great Britain and Ireland,1,1894,Oui
http://www.wikidata.org/entity/Q47093121,Georges Winckler,France,0,1894,Non
http://www.wikidata.org/entity/Q7087459,Oliver Colin LeBoutillier,United States,1,1894,Oui
http://www.wikidata.org/entity/Q8019297,William Thomas Barnes,United Kingdom of Great Britain and Ireland,1,1894,Oui
http://www.wikidata.org/entity/Q3057079,Ernest Maunoury,France,2,1894,Oui
http://www.wikidata.org/entity/Q20731090,Ferruccio Marzari,Kingdom of Italy,1,1894,Oui
http://www.wikidata.org/entity/Q1413678,Károly Kaszala,Austria–Hungary,1,1894,Oui
http://www.wikidata.org/entity/Q117800737,Tytus Karpiński,Poland,0,1894,Non
http://www.wikidata.org/entity/Q89258700,Franciszek Rudnicki (pilot),Poland,3,1894,Oui
http://www.wikidata.org/entity/Q8006339,William C. Lambert,United States,2,1894,Oui
http://www.wikidata.org/entity/Q18812022,Luigi Gori,Kingdom of Italy,1,1894,Oui
http://www.wikidata.org/entity/Q7192127,Pierre Cardon,France,0,1894,Non
http://www.wikidata.org/entity/Q654998,Gastone Novelli,Kingdom of Italy,1,1895,Oui
http://www.wikidata.org/entity/Q1545650,Vasily Molokov,Russian Empire,19,1895,Oui
http://www.wikidata.org/entity/Q715232,Arturo Ferrarin,Kingdom of Italy,1,1895,Oui
http://www.wikidata.org/entity/Q3261504,Louis Chartoire,France,0,1895,Non
http://www.wikidata.org/entity/Q3818047,Alec Cunningham-Reid,United Kingdom of Great Britain and Ireland,1,1895,Oui
http://www.wikidata.org/entity/Q76043,Kurt Wolff,German Empire,1,1895,Oui
http://www.wikidata.org/entity/Q5393071,Ernest Foot,United Kingdom of Great Britain and Ireland,1,1895,Oui
http://www.wikidata.org/entity/Q19973746,Henri Carol,France,2,1895,Oui
http://www.wikidata.org/entity/Q101230423,Leif Norman Barclay,United States,0,1895,Non
http://www.wikidata.org/entity/Q2471551,Adrian Cole,Australia,4,1895,Oui
http://www.wikidata.org/entity/Q74126,Werner Junck,Germany,1,1895,Oui
http://www.wikidata.org/entity/Q3158879,Jean-Paul Favre De Thierrens,France,5,1895,Oui
http://www.wikidata.org/entity/Q100575,Ferdinand-Wilhelm von Stein-Liebenstein zu Barchfeld,Germany,0,1895,Non
http://www.wikidata.org/entity/Q87235,Fritz Pütter,German Empire,1,1895,Oui
http://www.wikidata.org/entity/Q6529597,Les Holden,Australia,2,1895,Oui
http://www.wikidata.org/entity/Q5650845,Hans Wolff,German Empire,1,1895,Oui
http://www.wikidata.org/entity/Q55418279,Jean Cournot,France,1,1895,Oui
http://www.wikidata.org/entity/Q5649562,Hans-Georg von der Osten,Poland,1,1895,Oui
http://www.wikidata.org/entity/Q1642685,Ludwig Weber,Germany,0,1895,Non
http://www.wikidata.org/entity/Q2112728,Jean-Marie Bergeret,France,4,1895,Oui
http://www.wikidata.org/entity/Q755259,Mario Stoppani,Kingdom of Italy,1,1895,Oui
http://www.wikidata.org/entity/Q40331587,Franciszek Haberek,Second Polish Republic,2,1895,Oui
http://www.wikidata.org/entity/Q90071409,Arthur Jacob Davis,United States,0,1895,Non
http://www.wikidata.org/entity/Q8019036,William T. Badham,United States,0,1895,Non
http://www.wikidata.org/entity/Q105722868,Edgar Henry Garland,New Zealand,0,1895,Non
http://www.wikidata.org/entity/Q6525781,Leonard Taplin,Australia,0,1895,Non
http://www.wikidata.org/entity/Q2548568,James McCudden,United Kingdom of Great Britain and Ireland,5,1895,Oui
http://www.wikidata.org/entity/Q1166241,Marziale Cerutti,Kingdom of Italy,1,1895,Oui
http://www.wikidata.org/entity/Q8017020,William Portwood Erwin,United States,1,1895,Oui
http://www.wikidata.org/entity/Q524932,Hudson Fysh,Australia,3,1895,Oui
http://www.wikidata.org/entity/Q16910287,Vittorio Marchesi,Kingdom of Italy,1,1895,Oui
http://www.wikidata.org/entity/Q1516855,Karl Gallwitz,Germany,1,1895,Oui
http://www.wikidata.org/entity/Q511400,László Almásy,Hungary,1,1895,Oui
http://www.wikidata.org/entity/Q570820,Julius Arigi,Austria,2,1895,Oui
http://www.wikidata.org/entity/Q3434488,Robert Bajac,France,1,1895,Oui
http://www.wikidata.org/entity/Q5721802,Henry Garnet Forrest,Australia,1,1895,Oui
http://www.wikidata.org/entity/Q3972661,Stefano Pucci,Kingdom of Italy,1,1895,Oui
http://www.wikidata.org/entity/Q3526651,Théophile Henri Condemine,France,1,1895,Oui
http://www.wikidata.org/entity/Q79054363,Edmund Norwid-Kudło,Second Polish Republic,6,1895,Oui
http://www.wikidata.org/entity/Q21207392,Agostino Brunetta,Kingdom of Italy,1,1895,Oui
http://www.wikidata.org/entity/Q14935672,Frank Neale,Australia,1,1895,Oui
http://www.wikidata.org/entity/Q2857333,Antonio Locatelli,Kingdom of Italy,1,1895,Oui
http://www.wikidata.org/entity/Q3082058,Frank Leaman Baylies,United States,2,1895,Oui
http://www.wikidata.org/entity/Q63284944,André Bobba,France,3,1895,Oui
http://www.wikidata.org/entity/Q21208321,Ferruccio Guicciardi,Kingdom of Italy,1,1895,Oui
http://www.wikidata.org/entity/Q57177,Wolfram von Richthofen,German Empire,12,1895,Oui
http://www.wikidata.org/entity/Q117360008,Bronisław Wąsowski,Poland,1,1895,Oui
http://www.wikidata.org/entity/Q4798809,Arthur Gerald Knight,United Kingdom of Great Britain and Ireland,2,1895,Oui
http://www.wikidata.org/entity/Q3870620,Natale Palli,Kingdom of Italy,2,1895,Oui
http://www.wikidata.org/entity/Q85089729,Tomasz Turbiak,Poland,3,1895,Oui
http://www.wikidata.org/entity/Q5482667,Francis W. Gillet,United States,0,1895,Non
http://www.wikidata.org/entity/Q687681,James H. Kindelberger,United States,2,1895,Oui
http://www.wikidata.org/entity/Q75360641,Henri-Paul Schneider,France,1,1895,Oui
http://www.wikidata.org/entity/Q87361338,Franciszek Pytel,Poland,6,1895,Oui
http://www.wikidata.org/entity/Q6384163,Keith Caldwell,New Zealand,2,1895,Oui
http://www.wikidata.org/entity/Q859761,Cesare Magistrini,Kingdom of Italy,1,1895,Oui
http://www.wikidata.org/entity/Q1028553,Guido Masiero,Kingdom of Italy,1,1895,Oui
http://www.wikidata.org/entity/Q5392894,Ernest Charles Hoy,Canada,1,1895,Oui
http://www.wikidata.org/entity/Q6186240,Jesse Creech,United States,1,1895,Oui
http://www.wikidata.org/entity/Q7192512,Pierre de Lagarde Boal,United States,0,1895,Non
http://www.wikidata.org/entity/Q5077220,Charles Eaton,United Kingdom of Great Britain and Ireland,2,1895,Oui
http://www.wikidata.org/entity/Q4800656,Arthur Whealy,Canada,1,1895,Oui
http://www.wikidata.org/entity/Q6693276,Lowell Yerex,New Zealand,0,1895,Non
http://www.wikidata.org/entity/Q5534609,Geoffrey Forrest Hughes,Australia,2,1895,Oui
http://www.wikidata.org/entity/Q3170583,Jean Baradez,France,4,1895,Oui
http://www.wikidata.org/entity/Q348640,Flavio Baracchini,Kingdom of Italy,1,1895,Oui
http://www.wikidata.org/entity/Q6483634,Lancelot Richardson,Australia,1,1895,Oui
http://www.wikidata.org/entity/Q89344881,Jan Petrażycki,Poland,1,1895,Oui
http://www.wikidata.org/entity/Q2960067,Charles Quette,France,0,1895,Non
http://www.wikidata.org/entity/Q684036,Alvaro Leonardi,Kingdom of Italy,1,1895,Oui
http://www.wikidata.org/entity/Q29617745,Gaston Durmon,France,5,1895,Oui
http://www.wikidata.org/entity/Q1367535,Eugene Bullard,United States,12,1895,Oui
http://www.wikidata.org/entity/Q3173686,Jean Navarre,France,3,1895,Oui
http://www.wikidata.org/entity/Q47093126,Ange Bourgeois,France,1,1895,Oui
http://www.wikidata.org/entity/Q87178749,Franciszek Przybylski,Poland,1,1895,Oui
http://www.wikidata.org/entity/Q2815496,Frank Wead,United States,5,1895,Oui
http://www.wikidata.org/entity/Q3421180,Raymond Vanier,France,1,1895,Oui
http://www.wikidata.org/entity/Q83502452,Stefan Niewitecki,Poland,2,1895,Oui
http://www.wikidata.org/entity/Q89509420,George Crawford,United States,1,1896,Oui
http://www.wikidata.org/entity/Q123165082,Jerzy Garbiński,Poland,8,1896,Oui
http://www.wikidata.org/entity/Q97050233,Pierre Claret de Fleurieu,France,5,1896,Oui
http://www.wikidata.org/entity/Q71091,Paul Bäumer,German Empire,2,1896,Oui
http://www.wikidata.org/entity/Q16008369,Farnum Fish,United States,0,1896,Non
http://www.wikidata.org/entity/Q15970999,Jean Schneider,France,3,1896,Oui
http://www.wikidata.org/entity/Q51581,Howard Hawks,United States,2,1896,Oui
http://www.wikidata.org/entity/Q1231047,Patrick Gordon Taylor,Australia,3,1896,Oui
http://www.wikidata.org/entity/Q3130729,Henri Bourgat,France,0,1896,Non
http://www.wikidata.org/entity/Q22069567,Fernando Silvestri,Kingdom of Italy,8,1896,Oui
http://www.wikidata.org/entity/Q66381578,René Braxmeyer,France,0,1896,Non
http://www.wikidata.org/entity/Q3160222,Jacques d'Arnoux,France,3,1896,Oui
http://www.wikidata.org/entity/Q4071440,Assen Jordanoff,Bulgaria,0,1896,Non
http://www.wikidata.org/entity/Q3764649,Gino Lisa,Kingdom of Italy,1,1896,Oui
http://www.wikidata.org/entity/Q96615,Max Ibel,Germany,1,1896,Oui
http://www.wikidata.org/entity/Q3091070,Maurice Bellonte,France,2,1896,Oui
http://www.wikidata.org/entity/Q4923981,Blaine Stubblefield,United States,0,1896,Non
http://www.wikidata.org/entity/Q1056,Italo Balbo,Kingdom of Italy,14,1896,Oui
http://www.wikidata.org/entity/Q3608169,Alberto Briganti,Kingdom of Italy,2,1896,Oui
http://www.wikidata.org/entity/Q332400,Oswald Mosley,United Kingdom,0,1896,Non
http://www.wikidata.org/entity/Q1731403,Karl Hammes,German Reich,0,1896,Non
http://www.wikidata.org/entity/Q5684727,Ralph Ambrose O'Neill,Mexico,1,1896,Oui
http://www.wikidata.org/entity/Q1291574,Steponas Darius,United States,3,1896,Oui
http://www.wikidata.org/entity/Q6131639,James Connelly,United States,2,1896,Oui
http://www.wikidata.org/entity/Q452675,Bernard Rubin,United Kingdom of Great Britain and Ireland,0,1896,Non
http://www.wikidata.org/entity/Q3568209,Wop May,Canada,3,1896,Oui
http://www.wikidata.org/entity/Q87480672,Franciszek Ksawery Piniński,Poland,1,1896,Oui
http://www.wikidata.org/entity/Q16072252,James Henry Forman,Canada,1,1896,Oui
http://www.wikidata.org/entity/Q16007835,Frank Archibald MacDougall,Canada,0,1896,Non
http://www.wikidata.org/entity/Q57179,Ernst Udet,German Reich,3,1896,Oui
http://www.wikidata.org/entity/Q7364630,Ronald Adam,United Kingdom of Great Britain and Ireland,1,1896,Oui
http://www.wikidata.org/entity/Q67199674,Charles Luguet,France,0,1896,Non
http://www.wikidata.org/entity/Q90581880,Carl H. Clark,United States,1,1896,Oui
http://www.wikidata.org/entity/Q101229957,Stuart Walcott,United States,0,1896,Non
http://www.wikidata.org/entity/Q5338867,Edmond Genet,United States,0,1896,Non
http://www.wikidata.org/entity/Q20003296,Mariano d'Ayala Godoy,Kingdom of Italy,1,1896,Oui
http://www.wikidata.org/entity/Q3164427,Jean-Baptiste Salis,France,0,1896,Non
http://www.wikidata.org/entity/Q11812089,Thomas Culling,British Empire,1,1896,Oui
http://www.wikidata.org/entity/Q113391404,James Garrett Ray,United States,0,1896,Non
http://www.wikidata.org/entity/Q17278919,Egisto Perino,Kingdom of Italy,2,1896,Oui
http://www.wikidata.org/entity/Q126965706,Stanisław Nazarkiewicz,Poland,8,1896,Oui
http://www.wikidata.org/entity/Q89373132,Władysław Wójtowski,Poland,1,1896,Oui
http://www.wikidata.org/entity/Q3426642,René Montrion,France,0,1896,Non
http://www.wikidata.org/entity/Q71225,Heinrich Ritter von Gontermann,German Empire,4,1896,Oui
http://www.wikidata.org/entity/Q5488038,Frank Lukis,Australia,1,1896,Oui
http://www.wikidata.org/entity/Q4772020,Anthony Arnold,United Kingdom of Great Britain and Ireland,1,1896,Oui
http://www.wikidata.org/entity/Q5301314,Douglas Campbell,United States,1,1896,Oui
http://www.wikidata.org/entity/Q2742674,Marcel Haegelen,France,7,1896,Oui
http://www.wikidata.org/entity/Q772722,Antonio Riva,Kingdom of Italy,1,1896,Oui
http://www.wikidata.org/entity/Q6231774,"John Ender ""Jock"" Palmer",United Kingdom of Great Britain and Ireland,1,1896,Oui
http://www.wikidata.org/entity/Q4178465,Vasily Zhdanov,Soviet Union,7,1896,Oui
http://www.wikidata.org/entity/Q47462735,Louis Guidon,France,1,1896,Oui
http://www.wikidata.org/entity/Q15971689,Georges Estienne,France,1,1896,Oui
http://www.wikidata.org/entity/Q16748927,Cesare Sabelli,Kingdom of Italy,1,1896,Oui
http://www.wikidata.org/entity/Q7109537,Otto Brauneck,German Empire,0,1896,Non
http://www.wikidata.org/entity/Q366547,Jimmy Doolittle,United States,18,1896,Oui
http://www.wikidata.org/entity/Q3093974,Gabriel Thomas,France,0,1896,Non
http://www.wikidata.org/entity/Q26702236,Piero Massoni,Kingdom of Italy,1,1896,Oui
http://www.wikidata.org/entity/Q36026528,Howard Dutton Norris,United States,0,1896,Non
http://www.wikidata.org/entity/Q4754730,Andre Barcat,France,3,1896,Oui
http://www.wikidata.org/entity/Q87701,Hans Kirschstein,Kingdom of Prussia,3,1896,Oui
http://www.wikidata.org/entity/Q98578,Karl Plauth,Germany,1,1896,Oui
http://www.wikidata.org/entity/Q7087864,Oliver Sutton,United Kingdom of Great Britain and Ireland,1,1896,Oui
http://www.wikidata.org/entity/Q3624528,Arturo Dell'Oro,Kingdom of Italy,1,1896,Oui
http://www.wikidata.org/entity/Q62657252,Jacques de Sibour,France,0,1896,Non
http://www.wikidata.org/entity/Q2239682,Guy Gilpatric,United States,0,1896,Non
http://www.wikidata.org/entity/Q11812069,Harold Molyneux,Canada,0,1896,Non
http://www.wikidata.org/entity/Q1010618,Giovanni Ancilotto,Kingdom of Italy,1,1896,Oui
http://www.wikidata.org/entity/Q577169,Albert Ball,United Kingdom of Great Britain and Ireland,6,1896,Oui
http://www.wikidata.org/entity/Q507872,George Jones,Australia,3,1896,Oui
http://www.wikidata.org/entity/Q19690432,Józef Sidor,Second Polish Republic,1,1896,Oui
http://www.wikidata.org/entity/Q5549118,Gerald Ewart Nash,Canada,0,1896,Non
http://www.wikidata.org/entity/Q385425,József Kiss,Austria–Hungary,0,1896,Non
http://www.wikidata.org/entity/Q8013936,William Kennedy-Cochran-Patrick,United Kingdom of Great Britain and Ireland,2,1896,Oui
http://www.wikidata.org/entity/Q16072207,Charles Gray Catto,United States,0,1896,Non
http://www.wikidata.org/entity/Q7668559,T. Neville Stack,United Kingdom of Great Britain and Ireland,1,1896,Oui
http://www.wikidata.org/entity/Q9374477,Wilhelm Kohlbach,Germany,0,1896,Non
http://www.wikidata.org/entity/Q61991,Gerhard Fieseler,Germany,2,1896,Oui
http://www.wikidata.org/entity/Q101198,Gustav Lachmann,Germany,0,1896,Non
http://www.wikidata.org/entity/Q5081900,Charles R. d'Olive,United States,1,1896,Oui
http://www.wikidata.org/entity/Q113622768,Giulio Sambonet,Italy,0,1896,Non
http://www.wikidata.org/entity/Q17484055,Enrico Gadda,Kingdom of Italy,1,1896,Oui
http://www.wikidata.org/entity/Q87067907,Alford Joseph Williams,United States,1,1896,Oui
http://www.wikidata.org/entity/Q15971691,Jacques de Castet-Laboulbène,France,4,1896,Oui
http://www.wikidata.org/entity/Q11811997,Henry Biziou,United Kingdom of Great Britain and Ireland,1,1896,Oui
http://www.wikidata.org/entity/Q134979533,Adam Wojtyga,Poland,13,1896,Oui
http://www.wikidata.org/entity/Q61748231,François Dordilly,France,0,1896,Non
http://www.wikidata.org/entity/Q7917752,Vecihi Hürkuş,Ottoman Empire,0,1896,Non
http://www.wikidata.org/entity/Q1028189,Grigoriy Suk,Russian Empire,1,1896,Oui
http://www.wikidata.org/entity/Q96064173,Wacław Jurek,Poland,7,1896,Oui
http://www.wikidata.org/entity/Q114347772,Harold A. Elliott,United States,0,1896,Non
http://www.wikidata.org/entity/Q619119,Apollo Soucek,United States,5,1897,Oui
http://www.wikidata.org/entity/Q96099836,Józef Rączka,Poland,1,1897,Oui
http://www.wikidata.org/entity/Q996985,Federico Martinengo,Kingdom of Italy,1,1897,Oui
http://www.wikidata.org/entity/Q3131523,Henri Lumière,France,3,1897,Oui
http://www.wikidata.org/entity/Q122158734,Stanisław Pawluć,Poland,4,1897,Oui
http://www.wikidata.org/entity/Q123507920,Stanisław Cwynar,Poland,4,1897,Oui
http://www.wikidata.org/entity/Q29378291,Romeo Sartori,Kingdom of Italy,1,1897,Oui
http://www.wikidata.org/entity/Q669314,Carlo Lombardi,Kingdom of Italy,2,1897,Oui
http://www.wikidata.org/entity/Q3261113,Louis Astier de Villatte,France,2,1897,Oui
http://www.wikidata.org/entity/Q1065180,Charles Kingsford Smith,Australia,4,1897,Oui
http://www.wikidata.org/entity/Q110392,Wilhelm Neuenhofen,Germany,0,1897,Non
http://www.wikidata.org/entity/Q66099,Werner Voß,German Empire,1,1897,Oui
http://www.wikidata.org/entity/Q632606,Francis Kitto,United Kingdom of Great Britain and Ireland,1,1897,Oui
http://www.wikidata.org/entity/Q17182713,Francis Stewart Briggs,Australia,0,1897,Non
http://www.wikidata.org/entity/Q84922715,Ignacy Giedgowd,Canada,8,1897,Oui
http://www.wikidata.org/entity/Q11727928,John Letts,United Kingdom of Great Britain and Ireland,1,1897,Oui
http://www.wikidata.org/entity/Q3185512,Joseph Pouliquen,France,1,1897,Oui
http://www.wikidata.org/entity/Q14613815,Jan Biały,Poland,6,1897,Oui
http://www.wikidata.org/entity/Q434643,Alexander Vasilyevich Belyakov,Russian Empire,19,1897,Oui
http://www.wikidata.org/entity/Q5927172,Hubert Broad,United Kingdom of Great Britain and Ireland,2,1897,Oui
http://www.wikidata.org/entity/Q1251631,Nathan Farragut Twining,United States,8,1897,Oui
http://www.wikidata.org/entity/Q283311,Frank Luke,United States,2,1897,Oui
http://www.wikidata.org/entity/Q11737755,Kazimierz Burzyński,Second Polish Republic,7,1897,Oui
http://www.wikidata.org/entity/Q5482372,Francis S. Symondson,United Kingdom of Great Britain and Ireland,1,1897,Oui
http://www.wikidata.org/entity/Q5941693,Humphrey de Verd Leigh,United Kingdom of Great Britain and Ireland,3,1897,Oui
http://www.wikidata.org/entity/Q3725985,Enrico Pezzi,Kingdom of Italy,2,1897,Oui
http://www.wikidata.org/entity/Q109981274,Paweł Tysler,Poland,4,1897,Oui
http://www.wikidata.org/entity/Q30127661,Guglielmo Grandjacquet,Kingdom of Italy,1,1897,Oui
http://www.wikidata.org/entity/Q21208401,Eraldo Ilari,Kingdom of Italy,3,1897,Oui
http://www.wikidata.org/entity/Q96091389,Marian Rada,Poland,1,1897,Oui
http://www.wikidata.org/entity/Q2861905,Armand Lotti,France,3,1897,Oui
http://www.wikidata.org/entity/Q96072488,Jan Matecki,Poland,1,1897,Oui
http://www.wikidata.org/entity/Q111241287,Arthur James Coyle,United States,0,1897,Non
http://www.wikidata.org/entity/Q7326849,Richard Jeffries Dawes,Canada,1,1897,Oui
http://www.wikidata.org/entity/Q6384810,Keith Muspratt,United Kingdom of Great Britain and Ireland,1,1897,Oui
http://www.wikidata.org/entity/Q4759885,André Dubonnet,France,3,1897,Oui
http://www.wikidata.org/entity/Q12359596,Arnold Under,Russian Empire,2,1897,Oui
http://www.wikidata.org/entity/Q11708721,Hazel Wallace,United Kingdom of Great Britain and Ireland,1,1897,Oui
http://www.wikidata.org/entity/Q3241969,Lionel de Marmier,France,7,1897,Oui
http://www.wikidata.org/entity/Q84311822,Stanisław Żarski,Poland,2,1897,Oui
http://www.wikidata.org/entity/Q3384457,Pierre Clavel,France,2,1897,Oui
http://www.wikidata.org/entity/Q7966170,Walter Southey,United Kingdom of Great Britain and Ireland,0,1897,Non
http://www.wikidata.org/entity/Q6284928,Joseph Leonard Maries White,Canada,1,1897,Oui
http://www.wikidata.org/entity/Q5497061,Frederic Ives Lord,United States,1,1897,Oui
http://www.wikidata.org/entity/Q28734641,Bohumil Munzar,Austria–Hungary,0,1897,Non
http://www.wikidata.org/entity/Q2397986,Ludovic Arrachart,France,2,1897,Oui
http://www.wikidata.org/entity/Q2938873,Carl Ben Eielson,United States,1,1897,Oui
http://www.wikidata.org/entity/Q122873638,Joseph Charles Stehlin,United States,0,1897,Non
http://www.wikidata.org/entity/Q7153186,Paul Revere Braniff,United States,0,1897,Non
http://www.wikidata.org/entity/Q2920782,Hans Imelmann,German Empire,1,1897,Oui
http://www.wikidata.org/entity/Q86514063,Edward Corsi,United States,1,1897,Oui
http://www.wikidata.org/entity/Q88321254,Czesław Łagoda,Poland,1,1897,Oui
http://www.wikidata.org/entity/Q15438982,William J. Powell,United States,0,1897,Non
http://www.wikidata.org/entity/Q5117920,Ernest Morrow,Canada,1,1897,Oui
http://www.wikidata.org/entity/Q5832994,Enrico Massi,Kingdom of Italy,0,1897,Non
http://www.wikidata.org/entity/Q5079033,Charles Hickey,Canada,1,1897,Oui
http://www.wikidata.org/entity/Q19951958,Ernest Casimir-Lambert,Belgium,0,1897,Non
http://www.wikidata.org/entity/Q48758844,Louis Mailloux,France,2,1897,Oui
http://www.wikidata.org/entity/Q60456,Hans Baur,German Empire,5,1897,Oui
http://www.wikidata.org/entity/Q2834336,Aleksei Shirinkin,Russian Empire,9,1897,Oui
http://www.wikidata.org/entity/Q6134909,James Green,United Kingdom of Great Britain and Ireland,0,1897,Non
http://www.wikidata.org/entity/Q65948562,René Marchesseau,France,0,1897,Non
http://www.wikidata.org/entity/Q603673,Samuel Kinkead,South Africa,2,1897,Oui
http://www.wikidata.org/entity/Q1399712,Umberto Calvello,Kingdom of Italy,1,1897,Oui
http://www.wikidata.org/entity/Q5243735,Thomas Baker,Australia,2,1897,Oui
http://www.wikidata.org/entity/Q85544153,Ryszard Hesse,Second Polish Republic,2,1897,Oui
http://www.wikidata.org/entity/Q3159906,Jacques Roques,France,0,1897,Non
http://www.wikidata.org/entity/Q89659697,Aleksander Seńkowski,United Kingdom,5,1897,Oui
http://www.wikidata.org/entity/Q87006836,Władysław Bohuszewicz,Poland,5,1897,Oui
http://www.wikidata.org/entity/Q2693759,John Slessor,United Kingdom,6,1897,Oui
http://www.wikidata.org/entity/Q3372326,Paul Vachet,France,1,1897,Oui
http://www.wikidata.org/entity/Q570168,Yakov Alksnis,Russian Empire,4,1897,Oui
http://www.wikidata.org/entity/Q1284217,Edgar Percival,United Kingdom of Great Britain and Ireland,3,1897,Oui
http://www.wikidata.org/entity/Q66121,Günther Korten,German Reich,12,1898,Oui
http://www.wikidata.org/entity/Q2568090,Kenneth Walker,United States,4,1898,Oui
http://www.wikidata.org/entity/Q6796096,Maxwell Findlay,United Kingdom of Great Britain and Ireland,1,1898,Oui
http://www.wikidata.org/entity/Q7288107,Ralph Sorley,United Kingdom of Great Britain and Ireland,6,1898,Oui
http://www.wikidata.org/entity/Q47413765,Claude Beauregard,France,1,1898,Oui
http://www.wikidata.org/entity/Q7610614,Stephen Strafford,United Kingdom of Great Britain and Ireland,3,1898,Oui
http://www.wikidata.org/entity/Q96029014,Antoni Smętkowski,Poland,1,1898,Oui
http://www.wikidata.org/entity/Q883373,James Fitzmaurice,Ireland,1,1898,Oui
http://www.wikidata.org/entity/Q3848952,Mario Pezzi,Kingdom of Italy,1,1898,Oui
http://www.wikidata.org/entity/Q113460574,Cloyd Peart Clevenger,United States,0,1898,Non
http://www.wikidata.org/entity/Q1052321,Cecil Arthur Lewis,United Kingdom,2,1898,Oui
http://www.wikidata.org/entity/Q7153436,Paul Santelli,France,0,1898,Non
http://www.wikidata.org/entity/Q26884737,Pietro Piacentini,Kingdom of Italy,0,1898,Non
http://www.wikidata.org/entity/Q504402,Martial Valin,France,6,1898,Oui
http://www.wikidata.org/entity/Q88099848,Maksymilian Kowalewski,Poland,2,1898,Oui
http://www.wikidata.org/entity/Q47471556,Henri Darqué,France,1,1898,Oui
http://www.wikidata.org/entity/Q117304316,Edward Peterek,Poland,2,1898,Oui
http://www.wikidata.org/entity/Q6525574,Leonard Monteagle Barlow,United Kingdom of Great Britain and Ireland,1,1898,Oui
http://www.wikidata.org/entity/Q43302242,Pierre-Marcel Lemoigne,France,1,1898,Oui
http://www.wikidata.org/entity/Q65927101,Jean Réginensi,France,13,1898,Oui
http://www.wikidata.org/entity/Q6232060,John Everard Gurdon,United Kingdom of Great Britain and Ireland,1,1898,Oui
http://www.wikidata.org/entity/Q15558137,Ruggero Bonomi,Kingdom of Italy,3,1898,Oui
http://www.wikidata.org/entity/Q5540038,George H. Holmes,United States,0,1898,Non
http://www.wikidata.org/entity/Q5719928,Henry Coyle Rath,United Kingdom of Great Britain and Ireland,1,1898,Oui
http://www.wikidata.org/entity/Q1801397,Leonid Minov,Russian Empire,5,1898,Oui
http://www.wikidata.org/entity/Q7371789,Rowan Daly,United Kingdom of Great Britain and Ireland,1,1898,Oui
http://www.wikidata.org/entity/Q61749360,Léon Challe,France,0,1898,Non
http://www.wikidata.org/entity/Q86675,Otto Hoffmann von Waldau,German Reich,2,1898,Oui
http://www.wikidata.org/entity/Q7345951,Robert J. O. Compston,United Kingdom of Great Britain and Ireland,1,1898,Oui
http://www.wikidata.org/entity/Q104553329,Keith Vincent Anderson,Australia,0,1898,Non
http://www.wikidata.org/entity/Q8010129,William Gray,United Kingdom,2,1898,Oui
http://www.wikidata.org/entity/Q3579788,Édouard Corniglion-Molinier,France,7,1898,Oui
http://www.wikidata.org/entity/Q90782,Olivier Freiherr von Beaulieu-Marconnay,German Empire,1,1898,Oui
http://www.wikidata.org/entity/Q66068,Karl Koller,Germany,3,1898,Oui
http://www.wikidata.org/entity/Q124288256,Carl Henry Schneider,United States,0,1898,Non
http://www.wikidata.org/entity/Q6261989,John Victor Sorsoleil,Canada,1,1898,Oui
http://www.wikidata.org/entity/Q2828004,Aimery Blacque-Belair,France,1,1898,Oui
http://www.wikidata.org/entity/Q5668315,Harry Day,British Empire,4,1898,Oui
http://www.wikidata.org/entity/Q3431081,Charles Ulm,Australia,4,1898,Oui
http://www.wikidata.org/entity/Q356537,Joseph Kessel,France,9,1898,Oui
http://www.wikidata.org/entity/Q2477646,William Dickson,United Kingdom of Great Britain and Ireland,9,1898,Oui
http://www.wikidata.org/entity/Q110779889,Joseph Doerflinger,France,0,1898,Non
http://www.wikidata.org/entity/Q3018645,David Endicott Putnam,United States,1,1898,Oui
http://www.wikidata.org/entity/Q65921497,Renaud Wauthier,France,3,1898,Oui
http://www.wikidata.org/entity/Q7344451,Robert Foster,United Kingdom of Great Britain and Ireland,5,1898,Oui
http://www.wikidata.org/entity/Q19933404,Edward Carter Eaton,Canada,0,1898,Non
http://www.wikidata.org/entity/Q5534657,Geoffrey Hemming,United Kingdom of Great Britain and Ireland,0,1898,Non
http://www.wikidata.org/entity/Q117321481,Kazimierz Benz,Poland,5,1898,Oui
http://www.wikidata.org/entity/Q2579660,William Newton Lancaster,Australia,0,1898,Non
http://www.wikidata.org/entity/Q4242079,Leonhard Kruze,Soviet Union,2,1899,Oui
http://www.wikidata.org/entity/Q5393532,Ernest Masters,United Kingdom of Great Britain and Ireland,1,1899,Oui
http://www.wikidata.org/entity/Q123786712,Kazimierz Kuzian,Poland,9,1899,Oui
http://www.wikidata.org/entity/Q4718328,Alexander Beck,United Kingdom of Great Britain and Ireland,0,1899,Non
http://www.wikidata.org/entity/Q2848340,André Mélin,France,3,1899,Oui
http://www.wikidata.org/entity/Q103133234,Jan Buczma,Poland,11,1899,Oui
http://www.wikidata.org/entity/Q8014444,William Leeming Harrison,Canada,0,1899,Non
http://www.wikidata.org/entity/Q7150416,Paul Edward Garber,United States,1,1899,Oui
http://www.wikidata.org/entity/Q88207571,Leonard Hudzicki,Poland,2,1899,Oui
http://www.wikidata.org/entity/Q356639,Nevil Shute,United Kingdom,0,1899,Non
http://www.wikidata.org/entity/Q6099455,Ivor McIntyre,United Kingdom of Great Britain and Ireland,2,1899,Oui
http://www.wikidata.org/entity/Q543713,Josef von Maier,Austria–Hungary,1,1899,Oui
http://www.wikidata.org/entity/Q7347225,Robert MacIntyre Gordon,United Kingdom of Great Britain and Ireland,1,1899,Oui
http://www.wikidata.org/entity/Q5585269,Gordon Herbert Vasse,United Kingdom of Great Britain and Ireland,1,1899,Oui
http://www.wikidata.org/entity/Q7259933,Punch Dickins,Canada,4,1899,Oui
http://www.wikidata.org/entity/Q5056082,Cecil Frederick King,United Kingdom of Great Britain and Ireland,2,1899,Oui
http://www.wikidata.org/entity/Q3047435,Edgar Cruvelhier,France,1,1899,Oui
http://www.wikidata.org/entity/Q4706076,Alan McLeod,Canada,1,1899,Oui
http://www.wikidata.org/entity/Q470909,Jimmie Angel,United States,0,1899,Non
http://www.wikidata.org/entity/Q86583932,Elliot Chess,United States,3,1899,Oui
http://www.wikidata.org/entity/Q87720350,Alfred Gürtler,Poland,3,1899,Oui
http://www.wikidata.org/entity/Q5294485,Donald Hardman,United Kingdom of Great Britain and Ireland,5,1899,Oui
http://www.wikidata.org/entity/Q6137968,James Lennox,United Kingdom,1,1899,Oui
http://www.wikidata.org/entity/Q5669051,Harry George Armstrong,United States,5,1899,Oui
http://www.wikidata.org/entity/Q452696,Glen Kidston,United Kingdom,0,1899,Non
http://www.wikidata.org/entity/Q7308805,Reginald Marix,United Kingdom of Great Britain and Ireland,2,1899,Oui
http://www.wikidata.org/entity/Q1892652,Martial van Schelle,Belgium,0,1899,Non
http://www.wikidata.org/entity/Q7364964,Ronald Ivelaw-Chapman,United Kingdom of Great Britain and Ireland,4,1899,Oui
http://www.wikidata.org/entity/Q11812031,Michael Gonne,United Kingdom of Great Britain and Ireland,1,1899,Oui
http://www.wikidata.org/entity/Q28939,Hans Jeschonnek,Nazi Germany,7,1899,Oui
http://www.wikidata.org/entity/Q6135660,James Hart Mitchell,United Kingdom of Great Britain and Ireland,2,1899,Oui
http://www.wikidata.org/entity/Q1605963,Henri Nomy,France,2,1899,Oui
http://www.wikidata.org/entity/Q2428820,Werner Langsdorff,German Reich,0,1899,Non
http://www.wikidata.org/entity/Q9292409,Hipolit Jasiewicz,Poland,0,1899,Non
http://www.wikidata.org/entity/Q2756713,Bolesław Orliński,Canada,7,1899,Oui
http://www.wikidata.org/entity/Q7795187,Thomas Williams,United Kingdom of Great Britain and Ireland,6,1899,Oui
http://www.wikidata.org/entity/Q58030,Heinrich Müller,Germany,8,1900,Oui
http://www.wikidata.org/entity/Q9381692,Władysław Bartkowiak,Poland,1,1900,Oui
http://www.wikidata.org/entity/Q3175180,Jean Harouard de Suarez d'Aulan,France,4,1900,Oui
http://www.wikidata.org/entity/Q17351870,Vittorio Centurione Scotto,Kingdom of Italy,1,1900,Oui
http://www.wikidata.org/entity/Q123458515,Adam Kropiński,Poland,19,1900,Oui
http://www.wikidata.org/entity/Q4003411,Umberto Klinger,Kingdom of Italy,1,1900,Oui
http://www.wikidata.org/entity/Q11936243,Maurice Rossi,France,0,1901,Non
http://www.wikidata.org/entity/Q113461348,Dean William Burford,United States,0,1901,Non
http://www.wikidata.org/entity/Q714620,Ettore Muti,Kingdom of Italy,1,1902,Oui
http://www.wikidata.org/entity/Q3270391,Paul Mantz,United States,1,1903,Oui
http://www.wikidata.org/entity/Q2211169,Caspar John,United Kingdom of Great Britain and Ireland,1,1903,Oui
http://www.wikidata.org/entity/Q113443641,Robert Berthold Rolando,United States,0,1904,Non
